0,2021-04-01,0:37:00,0.39,low
1,2021-04-01,6:08:00,0.91,high
2,2021-04-01,12:56:00,0.22,low
3,2021-04-01,19:06:00,0.99,high
4,2021-04-02,1:21:00,0.42,low
5,2021-04-02,6:47:00,0.93,high
6,2021-04-02,13:41:00,0.19,low
7,2021-04-02,19:57:00,1,high
8,2021-04-03,2:04:00,0.44,low
9,2021-04-03,7:27:00,0.95,high
10,2021-04-03,14:26:00,0.19,low
11,2021-04-03,20:49:00,0.99,high
12,2021-04-04,2:45:00,0.46,low
13,2021-04-04,7:09:00,0.95,high
14,2021-04-04,14:10:00,0.2,low
15,2021-04-04,20:39:00,0.96,high
16,2021-04-05,2:26:00,0.48,low
17,2021-04-05,7:53:00,0.94,high
18,2021-04-05,14:53:00,0.22,low
19,2021-04-05,21:31:00,0.93,high
20,2021-04-06,3:09:00,0.49,low
21,2021-04-06,8:41:00,0.91,high
22,2021-04-06,15:37:00,0.24,low
23,2021-04-06,22:22:00,0.9,high
24,2021-04-07,3:57:00,0.5,low
25,2021-04-07,9:35:00,0.87,high
26,2021-04-07,16:25:00,0.28,low
27,2021-04-07,23:17:00,0.87,high
28,2021-04-08,4:55:00,0.51,low
29,2021-04-08,10:38:00,0.82,high
30,2021-04-08,17:21:00,0.31,low
31,2021-04-09,0:16:00,0.85,high
32,2021-04-09,6:19:00,0.49,low
33,2021-04-09,11:55:00,0.78,high
34,2021-04-09,18:35:00,0.35,low
35,2021-04-10,1:20:00,0.84,high
36,2021-04-10,7:52:00,0.45,low
37,2021-04-10,13:28:00,0.77,high
38,2021-04-10,20:00:00,0.38,low
39,2021-04-11,2:19:00,0.84,high
40,2021-04-11,9:00:00,0.39,low
41,2021-04-11,14:46:00,0.8,high
42,2021-04-11,21:16:00,0.39,low
43,2021-04-12,3:08:00,0.84,high
44,2021-04-12,9:50:00,0.34,low
45,2021-04-12,15:47:00,0.85,high
46,2021-04-12,22:11:00,0.4,low
47,2021-04-13,3:50:00,0.85,high
48,2021-04-13,10:29:00,0.3,low
49,2021-04-13,16:36:00,0.89,high
50,2021-04-13,22:55:00,0.42,low
51,2021-04-14,4:24:00,0.86,high
52,2021-04-14,11:03:00,0.28,low
53,2021-04-14,17:21:00,0.93,high
54,2021-04-14,23:33:00,0.44,low
55,2021-04-15,4:54:00,0.87,high
56,2021-04-15,11:34:00,0.27,low
57,2021-04-15,18:00:00,0.96,high
58,2021-04-16,0:06:00,0.46,low
59,2021-04-16,5:22:00,0.88,high
60,2021-04-16,12:06:00,0.26,low
61,2021-04-16,18:36:00,0.97,high
62,2021-04-17,0:37:00,0.47,low
63,2021-04-17,5:51:00,0.9,high
64,2021-04-17,12:39:00,0.26,low
65,2021-04-17,19:12:00,0.97,high
66,2021-04-18,1:07:00,0.49,low
67,2021-04-18,6:21:00,0.91,high
68,2021-04-18,13:14:00,0.26,low
69,2021-04-18,19:47:00,0.96,high
70,2021-04-19,1:37:00,0.5,low
71,2021-04-19,6:53:00,0.9,high
72,2021-04-19,13:49:00,0.26,low
73,2021-04-19,20:21:00,0.95,high
74,2021-04-20,2:08:00,0.52,low
75,2021-04-20,7:27:00,0.89,high
76,2021-04-20,14:23:00,0.27,low
77,2021-04-20,20:58:00,0.93,high
78,2021-04-21,2:41:00,0.53,low
79,2021-04-21,8:03:00,0.87,high
80,2021-04-21,14:58:00,0.27,low
81,2021-04-21,21:37:00,0.9,high
82,2021-04-22,3:21:00,0.53,low
83,2021-04-22,8:45:00,0.85,high
84,2021-04-22,15:37:00,0.29,low
85,2021-04-22,22:22:00,0.88,high
86,2021-04-23,4:09:00,0.53,low
87,2021-04-23,9:41:00,0.82,high
88,2021-04-23,16:24:00,0.32,low
89,2021-04-23,23:14:00,0.86,high
90,2021-04-24,5:11:00,0.51,low
91,2021-04-24,10:54:00,0.8,high
92,2021-04-24,17:26:00,0.36,low
93,2021-04-25,0:10:00,0.86,high
94,2021-04-25,6:25:00,0.46,low
95,2021-04-25,12:21:00,0.81,high
96,2021-04-25,18:43:00,0.41,low
97,2021-04-26,1:06:00,0.86,high
98,2021-04-26,7:37:00,0.4,low
99,2021-04-26,13:50:00,0.85,high
100,2021-04-26,20:03:00,0.45,low
101,2021-04-27,2:01:00,0.87,high
102,2021-04-27,8:43:00,0.32,low
103,2021-04-27,15:08:00,0.92,high
104,2021-04-27,21:21:00,0.48,low
105,2021-04-28,2:51:00,0.9,high
106,2021-04-28,9:42:00,0.26,low
107,2021-04-28,16:12:00,0.98,high
108,2021-04-28,22:28:00,0.5,low
109,2021-04-29,3:37:00,0.92,high
110,2021-04-29,10:36:00,0.22,low
111,2021-04-29,17:08:00,1.02,high
112,2021-04-29,23:19:00,0.52,low
113,2021-04-30,4:22:00,0.95,high
114,2021-04-30,11:27:00,0.2,low
115,2021-04-30,18:01:00,1.05,high
116,2021-05-01,0:05:00,0.52,low
117,2021-05-01,5:08:00,0.97,high
118,2021-05-01,12:15:00,0.2,low
119,2021-05-01,18:51:00,1.05,high
120,2021-05-02,0:49:00,0.52,low
121,2021-05-02,5:56:00,0.98,high
122,2021-05-02,13:00:00,0.21,low
123,2021-05-02,19:39:00,1.04,high
124,2021-05-03,1:32:00,0.52,low
125,2021-05-03,6:46:00,0.97,high
126,2021-05-03,13:45:00,0.23,low
127,2021-05-03,20:25:00,1.01,high
128,2021-05-04,2:15:00,0.51,low
129,2021-05-04,7:37:00,0.94,high
130,2021-05-04,14:27:00,0.27,low
131,2021-05-04,21:10:00,0.98,high
132,2021-05-05,3:01:00,0.51,low
133,2021-05-05,8:32:00,0.9,high
134,2021-05-05,15:10:00,0.3,low
135,2021-05-05,21:53:00,0.95,high
136,2021-05-06,3:51:00,0.5,low
137,2021-05-06,9:30:00,0.86,high
138,2021-05-06,15:54:00,0.35,low
139,2021-05-06,22:39:00,0.93,high
140,2021-05-07,4:53:00,0.49,low
141,2021-05-07,10:37:00,0.81,high
142,2021-05-07,16:45:00,0.4,low
143,2021-05-07,23:28:00,0.9,high
144,2021-05-08,6:12:00,0.46,low
145,2021-05-08,11:57:00,0.79,high
146,2021-05-08,17:53:00,0.46,low
147,2021-05-09,0:22:00,0.89,high
148,2021-05-09,7:22:00,0.42,low
149,2021-05-09,13:24:00,0.81,high
150,2021-05-09,19:21:00,0.5,low
151,2021-05-10,1:19:00,0.87,high
152,2021-05-10,8:20:00,0.37,low
153,2021-05-10,14:36:00,0.85,high
154,2021-05-10,20:43:00,0.52,low
155,2021-05-11,2:09:00,0.87,high
156,2021-05-11,9:06:00,0.33,low
157,2021-05-11,15:34:00,0.91,high
158,2021-05-11,21:43:00,0.53,low
159,2021-05-12,2:52:00,0.87,high
160,2021-05-12,9:45:00,0.3,low
161,2021-05-12,16:23:00,0.96,high
162,2021-05-12,22:29:00,0.54,low
163,2021-05-13,3:28:00,0.88,high
164,2021-05-13,10:21:00,0.28,low
165,2021-05-13,17:06:00,1,high
166,2021-05-13,23:08:00,0.55,low
167,2021-05-14,4:01:00,0.89,high
168,2021-05-14,10:55:00,0.27,low
169,2021-05-14,17:46:00,1.02,high
170,2021-05-14,23:43:00,0.55,low
171,2021-05-15,4:34:00,0.91,high
172,2021-05-15,11:31:00,0.27,low
173,2021-05-15,18:22:00,1.03,high
174,2021-05-16,0:16:00,0.55,low
175,2021-05-16,5:08:00,0.92,high
176,2021-05-16,12:07:00,0.27,low
177,2021-05-16,18:57:00,1.02,high
178,2021-05-17,0:48:00,0.55,low
179,2021-05-17,5:45:00,0.92,high
180,2021-05-17,12:43:00,0.28,low
181,2021-05-17,19:30:00,1.01,high
182,2021-05-18,1:20:00,0.56,low
183,2021-05-18,6:21:00,0.91,high
184,2021-05-18,13:18:00,0.29,low
185,2021-05-18,20:02:00,0.99,high
186,2021-05-19,1:51:00,0.56,low
187,2021-05-19,7:00:00,0.9,high
188,2021-05-19,13:51:00,0.3,low
189,2021-05-19,20:34:00,0.98,high
190,2021-05-20,2:26:00,0.55,low
191,2021-05-20,7:42:00,0.88,high
192,2021-05-20,14:25:00,0.32,low
193,2021-05-20,21:08:00,0.96,high
194,2021-05-21,3:06:00,0.53,low
195,2021-05-21,8:33:00,0.86,high
196,2021-05-21,15:03:00,0.34,low
197,2021-05-21,21:47:00,0.95,high
198,2021-05-22,3:55:00,0.51,low
199,2021-05-22,9:36:00,0.85,high
200,2021-05-22,15:50:00,0.39,low
201,2021-05-22,22:30:00,0.94,high
202,2021-05-23,4:54:00,0.46,low
203,2021-05-23,10:51:00,0.84,high
204,2021-05-23,16:48:00,0.45,low
205,2021-05-23,23:18:00,0.93,high
206,2021-05-24,6:01:00,0.4,low
207,2021-05-24,12:14:00,0.86,high
208,2021-05-24,18:02:00,0.52,low
209,2021-05-25,0:10:00,0.93,high
210,2021-05-25,7:08:00,0.34,low
211,2021-05-25,13:43:00,0.91,high
212,2021-05-25,19:22:00,0.58,low
213,2021-05-26,1:05:00,0.94,high
214,2021-05-26,8:11:00,0.27,low
215,2021-05-26,15:00:00,0.97,high
216,2021-05-26,20:46:00,0.61,low
217,2021-05-27,1:59:00,0.95,high
218,2021-05-27,9:11:00,0.23,low
219,2021-05-27,16:05:00,1.03,high
220,2021-05-27,22:04:00,0.61,low
221,2021-05-28,2:51:00,0.97,high
222,2021-05-28,10:08:00,0.21,low
223,2021-05-28,17:02:00,1.06,high
224,2021-05-28,22:59:00,0.61,low
225,2021-05-29,3:44:00,0.98,high
226,2021-05-29,11:02:00,0.21,low
227,2021-05-29,17:53:00,1.07,high
228,2021-05-29,23:48:00,0.59,low
229,2021-05-30,4:37:00,0.99,high
230,2021-05-30,11:51:00,0.22,low
231,2021-05-30,18:40:00,1.07,high
232,2021-05-31,0:34:00,0.56,low
233,2021-05-31,5:34:00,0.99,high
234,2021-05-31,12:36:00,0.24,low
235,2021-05-31,19:23:00,1.06,high
236,2021-06-01,1:19:00,0.54,low
237,2021-06-01,6:31:00,0.97,high
238,2021-06-01,13:21:00,0.28,low
239,2021-06-01,20:04:00,1.04,high
240,2021-06-02,2:05:00,0.52,low
241,2021-06-02,7:28:00,0.93,high
242,2021-06-02,14:03:00,0.32,low
243,2021-06-02,20:43:00,1.02,high
244,2021-06-03,2:51:00,0.5,low
245,2021-06-03,8:25:00,0.89,high
246,2021-06-03,14:43:00,0.36,low
247,2021-06-03,21:21:00,1,high
248,2021-06-04,3:43:00,0.48,low
249,2021-06-04,9:23:00,0.85,high
250,2021-06-04,15:24:00,0.41,low
251,2021-06-04,22:01:00,0.98,high
252,2021-06-05,4:41:00,0.46,low
253,2021-06-05,10:28:00,0.82,high
254,2021-06-05,16:10:00,0.47,low
255,2021-06-05,22:41:00,0.95,high
256,2021-06-06,5:44:00,0.43,low
257,2021-06-06,11:45:00,0.82,high
258,2021-06-06,17:06:00,0.53,low
259,2021-06-06,23:25:00,0.93,high
260,2021-06-07,6:40:00,0.39,low
261,2021-06-07,13:06:00,0.84,high
262,2021-06-07,18:26:00,0.59,low
263,2021-06-08,0:12:00,0.91,high
264,2021-06-08,7:31:00,0.35,low
265,2021-06-08,14:15:00,0.89,high
266,2021-06-08,19:53:00,0.63,low
267,2021-06-09,0:59:00,0.89,high
268,2021-06-09,8:17:00,0.32,low
269,2021-06-09,15:13:00,0.94,high
270,2021-06-09,21:05:00,0.63,low
271,2021-06-10,1:45:00,0.88,high
272,2021-06-10,8:59:00,0.29,low
273,2021-06-10,16:04:00,0.99,high
274,2021-06-10,21:58:00,0.63,low
275,2021-06-11,2:29:00,0.89,high
276,2021-06-11,9:40:00,0.27,low
277,2021-06-11,16:49:00,1.02,high
278,2021-06-11,22:41:00,0.62,low
279,2021-06-12,3:11:00,0.9,high
280,2021-06-12,10:21:00,0.26,low
281,2021-06-12,17:29:00,1.04,high
282,2021-06-12,23:20:00,0.6,low
283,2021-06-13,3:54:00,0.91,high
284,2021-06-13,11:01:00,0.27,low
285,2021-06-13,18:06:00,1.04,high
286,2021-06-13,23:55:00,0.59,low
287,2021-06-14,4:36:00,0.92,high
288,2021-06-14,11:40:00,0.28,low
289,2021-06-14,18:39:00,1.03,high
290,2021-06-15,0:29:00,0.58,low
291,2021-06-15,5:18:00,0.92,high
292,2021-06-15,12:17:00,0.29,low
293,2021-06-15,19:10:00,1.02,high
294,2021-06-16,1:03:00,0.57,low
295,2021-06-16,6:01:00,0.91,high
296,2021-06-16,12:51:00,0.31,low
297,2021-06-16,19:39:00,1.01,high
298,2021-06-17,1:38:00,0.55,low
299,2021-06-17,6:47:00,0.9,high
300,2021-06-17,13:24:00,0.32,low
301,2021-06-17,20:08:00,1,high
302,2021-06-18,2:16:00,0.53,low
303,2021-06-18,7:38:00,0.88,high
304,2021-06-18,13:59:00,0.35,low
305,2021-06-18,20:40:00,1,high
306,2021-06-19,2:57:00,0.49,low
307,2021-06-19,8:35:00,0.88,high
308,2021-06-19,14:38:00,0.39,low
309,2021-06-19,21:14:00,1,high
310,2021-06-20,3:44:00,0.45,low
311,2021-06-20,9:36:00,0.87,high
312,2021-06-20,15:23:00,0.45,low
313,2021-06-20,21:51:00,0.99,high
314,2021-06-21,4:37:00,0.4,low
315,2021-06-21,10:45:00,0.88,high
316,2021-06-21,16:19:00,0.52,low
317,2021-06-21,22:35:00,0.99,high
318,2021-06-22,5:38:00,0.34,low
319,2021-06-22,12:06:00,0.89,high
320,2021-06-22,17:26:00,0.59,low
321,2021-06-22,23:25:00,0.98,high
322,2021-06-23,6:42:00,0.29,low
323,2021-06-23,13:34:00,0.93,high
324,2021-06-23,18:46:00,0.65,low
325,2021-06-24,0:21:00,0.98,high
326,2021-06-24,7:45:00,0.24,low
327,2021-06-24,14:51:00,0.98,high
328,2021-06-24,20:10:00,0.67,low
329,2021-06-25,1:21:00,0.97,high
330,2021-06-25,8:47:00,0.22,low
331,2021-06-25,15:55:00,1.02,high
332,2021-06-25,21:38:00,0.66,low
333,2021-06-26,2:19:00,0.98,high
334,2021-06-26,9:46:00,0.21,low
335,2021-06-26,16:51:00,1.04,high
336,2021-06-26,22:41:00,0.63,low
337,2021-06-27,3:18:00,0.97,high
338,2021-06-27,10:41:00,0.22,low
339,2021-06-27,17:39:00,1.05,high
340,2021-06-27,23:33:00,0.59,low
341,2021-06-28,4:21:00,0.97,high
342,2021-06-28,11:32:00,0.24,low
343,2021-06-28,18:21:00,1.05,high
344,2021-06-29,0:21:00,0.55,low
345,2021-06-29,5:24:00,0.96,high
346,2021-06-29,12:17:00,0.27,low
347,2021-06-29,19:00:00,1.04,high
348,2021-06-30,1:06:00,0.51,low
349,2021-06-30,6:24:00,0.93,high
350,2021-06-30,13:00:00,0.3,low
351,2021-06-30,19:36:00,1.03,high
352,2021-07-01,1:52:00,0.48,low
353,2021-07-01,7:20:00,0.91,high
354,2021-07-01,13:40:00,0.35,low
355,2021-07-01,20:12:00,1.02,high
356,2021-07-02,2:37:00,0.45,low
357,2021-07-02,8:14:00,0.88,high
358,2021-07-02,14:19:00,0.39,low
359,2021-07-02,20:46:00,1.01,high
360,2021-07-03,3:23:00,0.43,low
361,2021-07-03,9:08:00,0.85,high
362,2021-07-03,14:56:00,0.44,low
363,2021-07-03,21:21:00,0.99,high
364,2021-07-04,4:09:00,0.41,low
365,2021-07-04,10:06:00,0.83,high
366,2021-07-04,15:36:00,0.5,low
367,2021-07-04,21:55:00,0.97,high
368,2021-07-05,4:58:00,0.38,low
369,2021-07-05,11:15:00,0.83,high
370,2021-07-05,16:21:00,0.56,low
371,2021-07-05,22:32:00,0.95,high
372,2021-07-06,5:48:00,0.36,low
373,2021-07-06,12:32:00,0.85,high
374,2021-07-06,17:18:00,0.62,low
375,2021-07-06,23:14:00,0.92,high
376,2021-07-07,6:38:00,0.33,low
377,2021-07-07,13:42:00,0.88,high
378,2021-07-07,18:37:00,0.67,low
379,2021-07-08,0:01:00,0.9,high
380,2021-07-08,7:28:00,0.3,low
381,2021-07-08,14:44:00,0.92,high
382,2021-07-08,20:07:00,0.68,low
383,2021-07-09,0:51:00,0.88,high
384,2021-07-09,8:17:00,0.28,low
385,2021-07-09,15:38:00,0.96,high
386,2021-07-09,21:19:00,0.67,low
387,2021-07-10,1:43:00,0.88,high
388,2021-07-10,9:06:00,0.26,low
389,2021-07-10,16:25:00,0.98,high
390,2021-07-10,22:11:00,0.64,low
391,2021-07-11,2:35:00,0.88,high
392,2021-07-11,9:52:00,0.25,low
393,2021-07-11,17:06:00,1,high
394,2021-07-11,22:54:00,0.61,low
395,2021-07-12,3:24:00,0.89,high
396,2021-07-12,10:36:00,0.25,low
397,2021-07-12,17:41:00,1.01,high
398,2021-07-12,23:33:00,0.57,low
399,2021-07-13,4:14:00,0.89,high
400,2021-07-13,11:18:00,0.26,low
401,2021-07-13,18:13:00,1,high
402,2021-07-14,0:10:00,0.55,low
403,2021-07-14,5:04:00,0.89,high
404,2021-07-14,11:56:00,0.28,low
405,2021-07-14,18:42:00,1,high
406,2021-07-15,0:47:00,0.52,low
407,2021-07-15,5:55:00,0.89,high
408,2021-07-15,12:31:00,0.31,low
409,2021-07-15,19:11:00,1,high
410,2021-07-16,1:24:00,0.48,low
411,2021-07-16,6:48:00,0.89,high
412,2021-07-16,13:06:00,0.34,low
413,2021-07-16,19:39:00,1,high
414,2021-07-17,2:04:00,0.45,low
415,2021-07-17,7:40:00,0.89,high
416,2021-07-17,13:41:00,0.38,low
417,2021-07-17,20:09:00,1,high
418,2021-07-18,2:45:00,0.41,low
419,2021-07-18,8:34:00,0.89,high
420,2021-07-18,14:21:00,0.43,low
421,2021-07-18,20:42:00,1,high
422,2021-07-19,3:30:00,0.36,low
423,2021-07-19,9:32:00,0.89,high
424,2021-07-19,15:05:00,0.49,low
425,2021-07-19,21:18:00,1,high
426,2021-07-20,4:21:00,0.32,low
427,2021-07-20,10:36:00,0.88,high
428,2021-07-20,15:56:00,0.55,low
429,2021-07-20,21:59:00,1,high
430,2021-07-21,5:16:00,0.28,low
431,2021-07-21,11:57:00,0.89,high
432,2021-07-21,16:57:00,0.61,low
433,2021-07-21,22:49:00,0.98,high
434,2021-07-22,6:18:00,0.25,low
435,2021-07-22,13:21:00,0.9,high
436,2021-07-22,18:13:00,0.66,low
437,2021-07-22,23:48:00,0.96,high
438,2021-07-23,7:22:00,0.22,low
439,2021-07-23,14:35:00,0.93,high
440,2021-07-23,19:39:00,0.67,low
441,2021-07-24,0:52:00,0.95,high
442,2021-07-24,8:26:00,0.21,low
443,2021-07-24,15:38:00,0.96,high
444,2021-07-24,21:18:00,0.64,low
445,2021-07-25,1:59:00,0.93,high
446,2021-07-25,9:30:00,0.21,low
447,2021-07-25,16:32:00,0.98,high
448,2021-07-25,22:27:00,0.58,low
449,2021-07-26,3:08:00,0.92,high
450,2021-07-26,10:27:00,0.22,low
451,2021-07-26,17:17:00,0.99,high
452,2021-07-26,23:21:00,0.53,low
453,2021-07-27,4:21:00,0.91,high
454,2021-07-27,11:18:00,0.25,low
455,2021-07-27,17:55:00,0.99,high
456,2021-07-28,0:07:00,0.48,low
457,2021-07-28,5:23:00,0.91,high
458,2021-07-28,12:02:00,0.28,low
459,2021-07-28,18:31:00,0.99,high
460,2021-07-29,0:51:00,0.44,low
461,2021-07-29,6:17:00,0.9,high
462,2021-07-29,12:42:00,0.32,low
463,2021-07-29,19:05:00,0.99,high
464,2021-07-30,1:33:00,0.41,low
465,2021-07-30,7:07:00,0.88,high
466,2021-07-30,13:20:00,0.36,low
467,2021-07-30,19:37:00,0.99,high
468,2021-07-31,2:12:00,0.39,low
469,2021-07-31,7:56:00,0.87,high
470,2021-07-31,13:55:00,0.4,low
471,2021-07-31,20:08:00,0.98,high
472,2021-08-01,2:50:00,0.37,low
473,2021-08-01,8:45:00,0.85,high
474,2021-08-01,14:30:00,0.45,low
475,2021-08-01,20:39:00,0.97,high
476,2021-08-02,3:28:00,0.35,low
477,2021-08-02,9:36:00,0.84,high
478,2021-08-02,15:06:00,0.49,low
479,2021-08-02,21:09:00,0.96,high
480,2021-08-03,4:06:00,0.33,low
481,2021-08-03,10:33:00,0.84,high
482,2021-08-03,15:45:00,0.55,low
483,2021-08-03,21:42:00,0.94,high
484,2021-08-04,4:51:00,0.31,low
485,2021-08-04,11:39:00,0.84,high
486,2021-08-04,16:30:00,0.6,low
487,2021-08-04,22:20:00,0.91,high
488,2021-08-05,5:40:00,0.29,low
489,2021-08-05,12:54:00,0.84,high
490,2021-08-05,17:25:00,0.64,low
491,2021-08-05,23:06:00,0.88,high
492,2021-08-06,6:36:00,0.28,low
493,2021-08-06,14:04:00,0.86,high
494,2021-08-06,18:41:00,0.66,low
495,2021-08-07,0:03:00,0.85,high
496,2021-08-07,7:36:00,0.26,low
497,2021-08-07,15:03:00,0.88,high
498,2021-08-07,20:19:00,0.65,low
499,2021-08-08,1:04:00,0.83,high
500,2021-08-08,8:33:00,0.25,low
501,2021-08-08,15:51:00,0.91,high
502,2021-08-08,21:33:00,0.61,low
503,2021-08-09,2:05:00,0.83,high
504,2021-08-09,9:25:00,0.24,low
505,2021-08-09,16:31:00,0.93,high
506,2021-08-09,22:23:00,0.56,low
507,2021-08-10,3:05:00,0.84,high
508,2021-08-10,10:14:00,0.24,low
509,2021-08-10,17:06:00,0.94,high
510,2021-08-10,23:06:00,0.51,low
511,2021-08-11,4:06:00,0.86,high
512,2021-08-11,10:58:00,0.26,low
513,2021-08-11,17:36:00,0.95,high
514,2021-08-11,23:45:00,0.46,low
515,2021-08-12,5:02:00,0.88,high
516,2021-08-12,11:38:00,0.28,low
517,2021-08-12,18:06:00,0.96,high
518,2021-08-13,0:24:00,0.42,low
519,2021-08-13,5:54:00,0.9,high
520,2021-08-13,12:16:00,0.32,low
521,2021-08-13,18:36:00,0.97,high
522,2021-08-14,1:04:00,0.38,low
523,2021-08-14,6:45:00,0.91,high
524,2021-08-14,12:53:00,0.36,low
525,2021-08-14,19:06:00,0.98,high
526,2021-08-15,1:45:00,0.34,low
527,2021-08-15,7:36:00,0.91,high
528,2021-08-15,13:31:00,0.4,low
529,2021-08-15,19:37:00,0.98,high
530,2021-08-16,2:27:00,0.31,low
531,2021-08-16,8:27:00,0.9,high
532,2021-08-16,14:10:00,0.45,low
533,2021-08-16,20:11:00,0.99,high
534,2021-08-17,3:12:00,0.28,low
535,2021-08-17,9:22:00,0.89,high
536,2021-08-17,14:53:00,0.5,low
537,2021-08-17,20:48:00,0.98,high
538,2021-08-18,3:59:00,0.26,low
539,2021-08-18,10:26:00,0.87,high
540,2021-08-18,15:41:00,0.55,low
541,2021-08-18,21:30:00,0.97,high
542,2021-08-19,4:51:00,0.24,low
543,2021-08-19,11:44:00,0.85,high
544,2021-08-19,16:36:00,0.59,low
545,2021-08-19,22:21:00,0.94,high
546,2021-08-20,5:52:00,0.23,low
547,2021-08-20,12:59:00,0.85,high
548,2021-08-20,17:48:00,0.61,low
549,2021-08-20,23:26:00,0.91,high
550,2021-08-21,6:59:00,0.23,low
551,2021-08-21,14:08:00,0.87,high
552,2021-08-21,19:20:00,0.61,low
553,2021-08-22,0:38:00,0.88,high
554,2021-08-22,8:09:00,0.23,low
555,2021-08-22,15:10:00,0.89,high
556,2021-08-22,21:06:00,0.56,low
557,2021-08-23,1:56:00,0.86,high
558,2021-08-23,9:18:00,0.23,low
559,2021-08-23,16:02:00,0.91,high
560,2021-08-23,22:14:00,0.49,low
561,2021-08-24,3:20:00,0.86,high
562,2021-08-24,10:18:00,0.24,low
563,2021-08-24,16:46:00,0.92,high
564,2021-08-24,23:05:00,0.43,low
565,2021-08-25,4:25:00,0.87,high
566,2021-08-25,11:06:00,0.27,low
567,2021-08-25,17:22:00,0.93,high
568,2021-08-25,23:48:00,0.38,low
569,2021-08-26,5:19:00,0.88,high
570,2021-08-26,11:49:00,0.3,low
571,2021-08-26,17:56:00,0.93,high
572,2021-08-27,0:26:00,0.35,low
573,2021-08-27,6:06:00,0.88,high
574,2021-08-27,12:26:00,0.34,low
575,2021-08-27,18:28:00,0.94,high
576,2021-08-28,1:03:00,0.33,low
577,2021-08-28,6:51:00,0.88,high
578,2021-08-28,13:01:00,0.37,low
579,2021-08-28,18:59:00,0.94,high
580,2021-08-29,1:36:00,0.32,low
581,2021-08-29,7:36:00,0.88,high
582,2021-08-29,13:34:00,0.41,low
583,2021-08-29,19:28:00,0.94,high
584,2021-08-30,2:10:00,0.3,low
585,2021-08-30,8:19:00,0.87,high
586,2021-08-30,14:06:00,0.44,low
587,2021-08-30,19:56:00,0.94,high
588,2021-08-31,2:45:00,0.29,low
589,2021-08-31,9:02:00,0.86,high
590,2021-08-31,14:37:00,0.48,low
591,2021-08-31,20:24:00,0.93,high
592,2021-09-01,3:21:00,0.28,low
593,2021-09-01,9:50:00,0.84,high
594,2021-09-01,15:13:00,0.51,low
595,2021-09-01,20:56:00,0.91,high
596,2021-09-02,4:01:00,0.27,low
597,2021-09-02,10:43:00,0.82,high
598,2021-09-02,15:53:00,0.55,low
599,2021-09-02,21:32:00,0.88,high
600,2021-09-03,4:47:00,0.27,low
601,2021-09-03,11:46:00,0.81,high
602,2021-09-03,16:41:00,0.59,low
603,2021-09-03,22:17:00,0.84,high
604,2021-09-04,5:40:00,0.27,low
605,2021-09-04,12:58:00,0.8,high
606,2021-09-04,17:44:00,0.61,low
607,2021-09-04,23:17:00,0.81,high
608,2021-09-05,6:46:00,0.27,low
609,2021-09-05,14:06:00,0.81,high
610,2021-09-05,19:09:00,0.6,low
611,2021-09-06,0:30:00,0.78,high
612,2021-09-06,7:53:00,0.27,low
613,2021-09-06,15:00:00,0.83,high
614,2021-09-06,20:39:00,0.55,low
615,2021-09-07,1:44:00,0.79,high
616,2021-09-07,8:55:00,0.26,low
617,2021-09-07,15:42:00,0.86,high
618,2021-09-07,21:42:00,0.48,low
619,2021-09-08,2:57:00,0.82,high
620,2021-09-08,9:51:00,0.27,low
621,2021-09-08,16:19:00,0.88,high
622,2021-09-08,22:31:00,0.41,low
623,2021-09-09,4:02:00,0.86,high
624,2021-09-09,10:39:00,0.29,low
625,2021-09-09,16:52:00,0.9,high
626,2021-09-09,23:14:00,0.35,low
627,2021-09-10,4:57:00,0.9,high
628,2021-09-10,11:23:00,0.32,low
629,2021-09-10,17:24:00,0.92,high
630,2021-09-10,23:55:00,0.31,low
631,2021-09-11,5:48:00,0.93,high
632,2021-09-11,12:05:00,0.36,low
633,2021-09-11,17:57:00,0.94,high
634,2021-09-12,0:37:00,0.27,low
635,2021-09-12,6:37:00,0.94,high
636,2021-09-12,12:45:00,0.4,low
637,2021-09-12,18:30:00,0.95,high
638,2021-09-13,1:21:00,0.25,low
639,2021-09-13,7:27:00,0.94,high
640,2021-09-13,13:25:00,0.43,low
641,2021-09-13,19:06:00,0.96,high
642,2021-09-14,2:05:00,0.23,low
643,2021-09-14,8:19:00,0.92,high
644,2021-09-14,14:06:00,0.47,low
645,2021-09-14,19:43:00,0.96,high
646,2021-09-15,2:50:00,0.23,low
647,2021-09-15,9:13:00,0.89,high
648,2021-09-15,14:47:00,0.5,low
649,2021-09-15,20:24:00,0.95,high
650,2021-09-16,3:36:00,0.23,low
651,2021-09-16,10:14:00,0.86,high
652,2021-09-16,15:32:00,0.53,low
653,2021-09-16,21:10:00,0.92,high
654,2021-09-17,4:26:00,0.24,low
655,2021-09-17,11:19:00,0.83,high
656,2021-09-17,16:26:00,0.54,low
657,2021-09-17,22:08:00,0.88,high
658,2021-09-18,5:24:00,0.25,low
659,2021-09-18,12:25:00,0.82,high
660,2021-09-18,17:37:00,0.55,low
661,2021-09-18,23:19:00,0.84,high
662,2021-09-19,6:34:00,0.27,low
663,2021-09-19,13:31:00,0.82,high
664,2021-09-19,19:15:00,0.52,low
665,2021-09-20,0:41:00,0.81,high
666,2021-09-20,7:51:00,0.28,low
667,2021-09-20,14:33:00,0.84,high
668,2021-09-20,20:53:00,0.46,low
669,2021-09-21,2:15:00,0.81,high
670,2021-09-21,9:06:00,0.28,low
671,2021-09-21,15:24:00,0.85,high
672,2021-09-21,21:54:00,0.39,low
673,2021-09-22,3:27:00,0.83,high
674,2021-09-22,10:06:00,0.29,low
675,2021-09-22,16:07:00,0.87,high
676,2021-09-22,22:41:00,0.33,low
677,2021-09-23,4:23:00,0.86,high
678,2021-09-23,10:53:00,0.32,low
679,2021-09-23,16:45:00,0.88,high
680,2021-09-23,23:20:00,0.3,low
681,2021-09-24,5:11:00,0.89,high
682,2021-09-24,11:34:00,0.35,low
683,2021-09-24,17:18:00,0.88,high
684,2021-09-24,23:53:00,0.28,low
685,2021-09-25,5:54:00,0.9,high
686,2021-09-25,12:08:00,0.38,low
687,2021-09-25,17:48:00,0.89,high
688,2021-09-26,0:25:00,0.27,low
689,2021-09-26,6:35:00,0.91,high
690,2021-09-26,12:41:00,0.4,low
691,2021-09-26,18:17:00,0.9,high
692,2021-09-27,0:57:00,0.26,low
693,2021-09-27,7:14:00,0.91,high
694,2021-09-27,13:12:00,0.43,low
695,2021-09-27,18:45:00,0.91,high
696,2021-09-28,1:30:00,0.26,low
697,2021-09-28,7:52:00,0.9,high
698,2021-09-28,13:42:00,0.45,low
699,2021-09-28,19:13:00,0.91,high
700,2021-09-29,2:05:00,0.25,low
701,2021-09-29,8:30:00,0.89,high
702,2021-09-29,14:12:00,0.47,low
703,2021-09-29,19:44:00,0.9,high
704,2021-09-30,2:40:00,0.25,low
705,2021-09-30,9:11:00,0.86,high
706,2021-09-30,14:45:00,0.49,low
707,2021-09-30,20:16:00,0.88,high
708,2021-10-01,3:19:00,0.25,low
709,2021-10-01,9:56:00,0.83,high
710,2021-10-01,15:22:00,0.52,low
711,2021-10-01,20:53:00,0.85,high
712,2021-10-02,4:00:00,0.26,low
713,2021-10-02,10:48:00,0.81,high
714,2021-10-02,16:08:00,0.53,low
715,2021-10-02,21:39:00,0.81,high
716,2021-10-03,5:49:00,0.28,low
717,2021-10-03,12:47:00,0.79,high
718,2021-10-03,18:08:00,0.54,low
719,2021-10-03,23:43:00,0.77,high
720,2021-10-04,6:50:00,0.3,low
721,2021-10-04,13:49:00,0.79,high
722,2021-10-04,19:25:00,0.52,low
723,2021-10-05,1:06:00,0.76,high
724,2021-10-05,8:04:00,0.32,low
725,2021-10-05,14:47:00,0.8,high
726,2021-10-05,20:47:00,0.46,low
727,2021-10-06,2:34:00,0.78,high
728,2021-10-06,9:16:00,0.33,low
729,2021-10-06,15:37:00,0.82,high
730,2021-10-06,21:54:00,0.38,low
731,2021-10-07,3:51:00,0.83,high
732,2021-10-07,10:21:00,0.35,low
733,2021-10-07,16:21:00,0.84,high
734,2021-10-07,22:50:00,0.31,low
735,2021-10-08,4:55:00,0.89,high
736,2021-10-08,11:19:00,0.37,low
737,2021-10-08,17:00:00,0.87,high
738,2021-10-08,23:38:00,0.25,low
739,2021-10-09,5:50:00,0.94,high
740,2021-10-09,12:08:00,0.4,low
741,2021-10-09,17:37:00,0.9,high
742,2021-10-10,0:24:00,0.21,low
743,2021-10-10,6:40:00,0.97,high
744,2021-10-10,12:52:00,0.42,low
745,2021-10-10,18:15:00,0.92,high
746,2021-10-11,1:10:00,0.19,low
747,2021-10-11,7:29:00,0.98,high
748,2021-10-11,13:36:00,0.45,low
749,2021-10-11,18:55:00,0.94,high
750,2021-10-12,1:55:00,0.19,low
751,2021-10-12,8:20:00,0.97,high
752,2021-10-12,14:17:00,0.46,low
753,2021-10-12,19:36:00,0.95,high
754,2021-10-13,2:40:00,0.19,low
755,2021-10-13,9:10:00,0.94,high
756,2021-10-13,14:58:00,0.48,low
757,2021-10-13,20:21:00,0.94,high
758,2021-10-14,3:25:00,0.21,low
759,2021-10-14,10:02:00,0.91,high
760,2021-10-14,15:41:00,0.49,low
761,2021-10-14,21:08:00,0.91,high
762,2021-10-15,4:10:00,0.23,low
763,2021-10-15,10:54:00,0.87,high
764,2021-10-15,16:28:00,0.49,low
765,2021-10-15,22:03:00,0.87,high
766,2021-10-16,4:58:00,0.26,low
767,2021-10-16,11:47:00,0.84,high
768,2021-10-16,17:23:00,0.49,low
769,2021-10-16,23:07:00,0.82,high
770,2021-10-17,5:53:00,0.3,low
771,2021-10-17,12:44:00,0.82,high
772,2021-10-17,18:38:00,0.48,low
773,2021-10-18,0:25:00,0.78,high
774,2021-10-18,7:04:00,0.33,low
775,2021-10-18,13:45:00,0.82,high
776,2021-10-18,20:14:00,0.43,low
777,2021-10-19,1:58:00,0.77,high
778,2021-10-19,8:29:00,0.36,low
779,2021-10-19,14:46:00,0.82,high
780,2021-10-19,21:30:00,0.37,low
781,2021-10-20,3:21:00,0.8,high
782,2021-10-20,9:48:00,0.37,low
783,2021-10-20,15:39:00,0.83,high
784,2021-10-20,22:25:00,0.31,low
785,2021-10-21,4:24:00,0.85,high
786,2021-10-21,10:48:00,0.38,low
787,2021-10-21,16:24:00,0.83,high
788,2021-10-21,23:07:00,0.27,low
789,2021-10-22,5:17:00,0.89,high
790,2021-10-22,11:35:00,0.4,low
791,2021-10-22,17:02:00,0.84,high
792,2021-10-22,23:43:00,0.25,low
793,2021-10-23,6:02:00,0.93,high
794,2021-10-23,12:14:00,0.42,low
795,2021-10-23,17:34:00,0.85,high
796,2021-10-24,0:15:00,0.23,low
797,2021-10-24,6:42:00,0.95,high
798,2021-10-24,12:49:00,0.43,low
799,2021-10-24,18:03:00,0.87,high
800,2021-10-25,0:47:00,0.23,low
801,2021-10-25,7:20:00,0.95,high
802,2021-10-25,13:21:00,0.45,low
803,2021-10-25,18:33:00,0.88,high
804,2021-10-26,1:20:00,0.23,low
805,2021-10-26,7:55:00,0.95,high
806,2021-10-26,13:51:00,0.46,low
807,2021-10-26,19:04:00,0.89,high
808,2021-10-27,1:54:00,0.23,low
809,2021-10-27,8:30:00,0.94,high
810,2021-10-27,14:21:00,0.47,low
811,2021-10-27,19:36:00,0.89,high
812,2021-10-28,2:29:00,0.24,low
813,2021-10-28,9:05:00,0.91,high
814,2021-10-28,14:51:00,0.48,low
815,2021-10-28,20:09:00,0.87,high
816,2021-10-29,3:04:00,0.24,low
817,2021-10-29,9:40:00,0.89,high
818,2021-10-29,15:23:00,0.49,low
819,2021-10-29,20:45:00,0.85,high
820,2021-10-30,3:38:00,0.25,low
821,2021-10-30,10:19:00,0.86,high
822,2021-10-30,16:01:00,0.49,low
823,2021-10-30,21:25:00,0.82,high
824,2021-10-31,4:17:00,0.27,low
825,2021-10-31,11:01:00,0.84,high
826,2021-10-31,16:46:00,0.49,low
827,2021-10-31,22:18:00,0.79,high
828,2021-11-01,5:01:00,0.3,low
829,2021-11-01,11:49:00,0.82,high
830,2021-11-01,17:43:00,0.47,low
831,2021-11-01,23:27:00,0.76,high
832,2021-11-02,5:58:00,0.34,low
833,2021-11-02,12:40:00,0.81,high
834,2021-11-02,18:53:00,0.43,low
835,2021-11-03,0:53:00,0.76,high
836,2021-11-03,7:11:00,0.39,low
837,2021-11-03,13:35:00,0.82,high
838,2021-11-03,20:07:00,0.37,low
839,2021-11-04,2:24:00,0.8,high
840,2021-11-04,8:31:00,0.43,low
841,2021-11-04,14:28:00,0.83,high
842,2021-11-04,21:13:00,0.29,low
843,2021-11-05,3:43:00,0.87,high
844,2021-11-05,9:47:00,0.46,low
845,2021-11-05,15:19:00,0.85,high
846,2021-11-05,22:11:00,0.23,low
847,2021-11-06,4:47:00,0.93,high
848,2021-11-06,10:56:00,0.48,low
849,2021-11-06,16:06:00,0.87,high
850,2021-11-06,23:06:00,0.18,low
851,2021-11-07,5:43:00,0.98,high
852,2021-11-07,11:51:00,0.49,low
853,2021-11-07,16:51:00,0.9,high
854,2021-11-07,23:57:00,0.16,low
855,2021-11-08,6:35:00,1,high
856,2021-11-08,12:38:00,0.49,low
857,2021-11-08,17:37:00,0.93,high
858,2021-11-09,0:46:00,0.15,low
859,2021-11-09,7:24:00,1,high
860,2021-11-09,13:22:00,0.49,low
861,2021-11-09,18:25:00,0.94,high
862,2021-11-10,1:33:00,0.16,low
863,2021-11-10,8:13:00,0.99,high
864,2021-11-10,14:06:00,0.48,low
865,2021-11-10,19:15:00,0.94,high
866,2021-11-11,2:18:00,0.18,low
867,2021-11-11,8:59:00,0.96,high
868,2021-11-11,14:50:00,0.47,low
869,2021-11-11,20:08:00,0.92,high
870,2021-11-12,3:02:00,0.22,low
871,2021-11-12,9:44:00,0.93,high
872,2021-11-12,15:36:00,0.46,low
873,2021-11-12,21:04:00,0.88,high
874,2021-11-13,3:46:00,0.26,low
875,2021-11-13,10:28:00,0.9,high
876,2021-11-13,16:25:00,0.45,low
877,2021-11-13,22:04:00,0.83,high
878,2021-11-14,4:31:00,0.3,low
879,2021-11-14,11:12:00,0.87,high
880,2021-11-14,17:23:00,0.43,low
881,2021-11-14,23:10:00,0.79,high
882,2021-11-15,5:21:00,0.35,low
883,2021-11-15,12:00:00,0.85,high
884,2021-11-15,18:37:00,0.4,low
885,2021-11-16,0:30:00,0.76,high
886,2021-11-16,6:26:00,0.41,low
887,2021-11-16,12:51:00,0.84,high
888,2021-11-16,19:52:00,0.36,low
889,2021-11-17,1:59:00,0.77,high
890,2021-11-17,7:53:00,0.45,low
891,2021-11-17,13:47:00,0.82,high
892,2021-11-17,20:53:00,0.31,low
893,2021-11-18,3:13:00,0.82,high
894,2021-11-18,9:17:00,0.47,low
895,2021-11-18,14:41:00,0.82,high
896,2021-11-18,21:44:00,0.27,low
897,2021-11-19,4:14:00,0.87,high
898,2021-11-19,10:21:00,0.48,low
899,2021-11-19,15:28:00,0.81,high
900,2021-11-19,22:27:00,0.24,low
901,2021-11-20,5:05:00,0.92,high
902,2021-11-20,11:11:00,0.49,low
903,2021-11-20,16:08:00,0.82,high
904,2021-11-20,23:04:00,0.22,low
905,2021-11-21,5:50:00,0.95,high
906,2021-11-21,11:51:00,0.49,low
907,2021-11-21,16:43:00,0.83,high
908,2021-11-21,23:38:00,0.21,low
909,2021-11-22,6:29:00,0.97,high
910,2021-11-22,12:28:00,0.49,low
911,2021-11-22,17:18:00,0.85,high
912,2021-11-23,0:14:00,0.2,low
913,2021-11-23,7:06:00,0.98,high
914,2021-11-23,13:01:00,0.48,low
915,2021-11-23,17:53:00,0.86,high
916,2021-11-24,0:50:00,0.21,low
917,2021-11-24,7:41:00,0.97,high
918,2021-11-24,13:33:00,0.48,low
919,2021-11-24,18:30:00,0.87,high
920,2021-11-25,1:25:00,0.22,low
921,2021-11-25,8:14:00,0.95,high
922,2021-11-25,14:05:00,0.48,low
923,2021-11-25,19:07:00,0.86,high
924,2021-11-26,2:00:00,0.23,low
925,2021-11-26,8:45:00,0.93,high
926,2021-11-26,14:36:00,0.48,low
927,2021-11-26,19:46:00,0.85,high
928,2021-11-27,2:33:00,0.24,low
929,2021-11-27,9:16:00,0.91,high
930,2021-11-27,15:08:00,0.47,low
931,2021-11-27,20:26:00,0.83,high
932,2021-11-28,3:06:00,0.26,low
933,2021-11-28,9:48:00,0.9,high
934,2021-11-28,15:46:00,0.46,low
935,2021-11-28,21:14:00,0.8,high
936,2021-11-29,3:40:00,0.29,low
937,2021-11-29,10:23:00,0.88,high
938,2021-11-29,16:31:00,0.43,low
939,2021-11-29,22:12:00,0.78,high
940,2021-11-30,4:23:00,0.33,low
941,2021-11-30,11:03:00,0.87,high
942,2021-11-30,17:23:00,0.4,low
943,2021-11-30,23:21:00,0.77,high
944,2021-12-01,5:17:00,0.39,low
945,2021-12-01,11:46:00,0.86,high
946,2021-12-01,18:26:00,0.35,low
947,2021-12-02,0:41:00,0.78,high
948,2021-12-02,6:25:00,0.46,low
949,2021-12-02,12:36:00,0.86,high
950,2021-12-02,19:34:00,0.29,low
951,2021-12-03,2:11:00,0.83,high
952,2021-12-03,7:45:00,0.52,low
953,2021-12-03,13:30:00,0.86,high
954,2021-12-03,20:38:00,0.23,low
955,2021-12-04,3:33:00,0.89,high
956,2021-12-04,9:06:00,0.56,low
957,2021-12-04,14:25:00,0.87,high
958,2021-12-04,21:40:00,0.18,low
959,2021-12-05,4:40:00,0.94,high
960,2021-12-05,10:28:00,0.56,low
961,2021-12-05,15:21:00,0.89,high
962,2021-12-05,22:39:00,0.14,low
963,2021-12-06,5:39:00,0.98,high
964,2021-12-06,11:32:00,0.55,low
965,2021-12-06,16:14:00,0.91,high
966,2021-12-06,23:35:00,0.13,low
967,2021-12-07,6:31:00,0.99,high
968,2021-12-07,12:22:00,0.53,low
969,2021-12-07,17:09:00,0.92,high
970,2021-12-08,0:26:00,0.14,low
971,2021-12-08,7:18:00,0.99,high
972,2021-12-08,13:09:00,0.5,low
973,2021-12-08,18:07:00,0.92,high
974,2021-12-09,1:14:00,0.16,low
975,2021-12-09,8:00:00,0.98,high
976,2021-12-09,13:55:00,0.47,low
977,2021-12-09,19:06:00,0.91,high
978,2021-12-10,1:59:00,0.19,low
979,2021-12-10,8:41:00,0.96,high
980,2021-12-10,14:42:00,0.44,low
981,2021-12-10,20:06:00,0.89,high
982,2021-12-11,2:42:00,0.23,low
983,2021-12-11,9:20:00,0.94,high
984,2021-12-11,15:30:00,0.41,low
985,2021-12-11,21:03:00,0.85,high
986,2021-12-12,3:23:00,0.28,low
987,2021-12-12,9:58:00,0.92,high
988,2021-12-12,16:21:00,0.39,low
989,2021-12-12,22:01:00,0.81,high
990,2021-12-13,4:06:00,0.33,low
991,2021-12-13,10:37:00,0.91,high
992,2021-12-13,17:15:00,0.36,low
993,2021-12-13,23:04:00,0.78,high
994,2021-12-14,4:51:00,0.39,low
995,2021-12-14,11:18:00,0.89,high
996,2021-12-14,18:14:00,0.34,low
997,2021-12-15,0:18:00,0.76,high
998,2021-12-15,5:44:00,0.46,low
999,2021-12-15,12:00:00,0.86,high
1000,2021-12-15,19:12:00,0.31,low
1001,2021-12-16,1:40:00,0.78,high
1002,2021-12-16,6:58:00,0.51,low
1003,2021-12-16,12:46:00,0.84,high
1004,2021-12-16,20:06:00,0.27,low
1005,2021-12-17,2:51:00,0.82,high
1006,2021-12-17,8:26:00,0.55,low
1007,2021-12-17,13:35:00,0.82,high
1008,2021-12-17,20:56:00,0.24,low
1009,2021-12-18,3:53:00,0.87,high
1010,2021-12-18,9:43:00,0.56,low
1011,2021-12-18,14:23:00,0.8,high
1012,2021-12-18,21:43:00,0.22,low
1013,2021-12-19,4:46:00,0.91,high
1014,2021-12-19,10:41:00,0.55,low
1015,2021-12-19,15:10:00,0.8,high
1016,2021-12-19,22:26:00,0.2,low
1017,2021-12-20,5:33:00,0.94,high
1018,2021-12-20,11:27:00,0.54,low
1019,2021-12-20,15:56:00,0.81,high
1020,2021-12-20,23:08:00,0.19,low
1021,2021-12-21,6:13:00,0.96,high
1022,2021-12-21,12:06:00,0.52,low
1023,2021-12-21,16:41:00,0.83,high
1024,2021-12-21,23:49:00,0.19,low
1025,2021-12-22,6:51:00,0.96,high
1026,2021-12-22,12:42:00,0.5,low
1027,2021-12-22,17:24:00,0.83,high
1028,2021-12-23,0:28:00,0.19,low
1029,2021-12-23,7:24:00,0.95,high
1030,2021-12-23,13:17:00,0.48,low
1031,2021-12-23,18:08:00,0.84,high
1032,2021-12-24,1:04:00,0.21,low
1033,2021-12-24,7:54:00,0.94,high
1034,2021-12-24,13:51:00,0.46,low
1035,2021-12-24,18:52:00,0.83,high
1036,2021-12-25,1:37:00,0.22,low
1037,2021-12-25,8:23:00,0.93,high
1038,2021-12-25,14:23:00,0.45,low
1039,2021-12-25,19:36:00,0.82,high
1040,2021-12-26,2:09:00,0.24,low
1041,2021-12-26,8:51:00,0.92,high
1042,2021-12-26,14:58:00,0.43,low
1043,2021-12-26,20:24:00,0.82,high
1044,2021-12-27,2:41:00,0.27,low
1045,2021-12-27,9:20:00,0.91,high
1046,2021-12-27,15:36:00,0.4,low
1047,2021-12-27,21:15:00,0.81,high
1048,2021-12-28,3:17:00,0.31,low
1049,2021-12-28,9:51:00,0.91,high
1050,2021-12-28,16:19:00,0.36,low
1051,2021-12-28,22:10:00,0.8,high
1052,2021-12-29,3:58:00,0.36,low
1053,2021-12-29,10:24:00,0.91,high
1054,2021-12-29,17:06:00,0.32,low
1055,2021-12-29,23:11:00,0.8,high
1056,2021-12-30,4:47:00,0.43,low
1057,2021-12-30,11:03:00,0.9,high
1058,2021-12-30,18:01:00,0.27,low
1059,2021-12-31,0:25:00,0.8,high
1060,2021-12-31,5:48:00,0.51,low
1061,2021-12-31,11:49:00,0.89,high
1062,2021-12-31,19:03:00,0.23,low
