,id,date,time,height,type
0,tide0,2021-04-01,00:37:00,0.39,low
1,tide1,2021-04-01,06:08:00,0.91,high
2,tide2,2021-04-01,12:56:00,0.22,low
3,tide3,2021-04-01,19:06:00,0.99,high
4,tide4,2021-04-02,01:21:00,0.42,low
5,tide5,2021-04-02,06:47:00,0.93,high
6,tide6,2021-04-02,13:41:00,0.19,low
7,tide7,2021-04-02,19:57:00,1.0,high
8,tide8,2021-04-03,02:04:00,0.44,low
9,tide9,2021-04-03,07:27:00,0.95,high
10,tide10,2021-04-03,14:26:00,0.19,low
11,tide11,2021-04-03,20:49:00,0.99,high
12,tide12,2021-04-04,02:45:00,0.46,low
13,tide13,2021-04-04,07:09:00,0.95,high
14,tide14,2021-04-04,14:10:00,0.2,low
15,tide15,2021-04-04,20:39:00,0.96,high
16,tide16,2021-04-05,02:26:00,0.48,low
17,tide17,2021-04-05,07:53:00,0.94,high
18,tide18,2021-04-05,14:53:00,0.22,low
19,tide19,2021-04-05,21:31:00,0.93,high
20,tide20,2021-04-06,03:09:00,0.49,low
21,tide21,2021-04-06,08:41:00,0.91,high
22,tide22,2021-04-06,15:37:00,0.24,low
23,tide23,2021-04-06,22:22:00,0.9,high
24,tide24,2021-04-07,03:57:00,0.5,low
25,tide25,2021-04-07,09:35:00,0.87,high
26,tide26,2021-04-07,16:25:00,0.28,low
27,tide27,2021-04-07,23:17:00,0.87,high
28,tide28,2021-04-08,04:55:00,0.51,low
29,tide29,2021-04-08,10:38:00,0.82,high
30,tide30,2021-04-08,17:21:00,0.31,low
31,tide31,2021-04-09,00:16:00,0.85,high
32,tide32,2021-04-09,06:19:00,0.49,low
33,tide33,2021-04-09,11:55:00,0.78,high
34,tide34,2021-04-09,18:35:00,0.35,low
35,tide35,2021-04-10,01:20:00,0.84,high
36,tide36,2021-04-10,07:52:00,0.45,low
37,tide37,2021-04-10,13:28:00,0.77,high
38,tide38,2021-04-10,20:00:00,0.38,low
39,tide39,2021-04-11,02:19:00,0.84,high
40,tide40,2021-04-11,09:00:00,0.39,low
41,tide41,2021-04-11,14:46:00,0.8,high
42,tide42,2021-04-11,21:16:00,0.39,low
43,tide43,2021-04-12,03:08:00,0.84,high
44,tide44,2021-04-12,09:50:00,0.34,low
45,tide45,2021-04-12,15:47:00,0.85,high
46,tide46,2021-04-12,22:11:00,0.4,low
47,tide47,2021-04-13,03:50:00,0.85,high
48,tide48,2021-04-13,10:29:00,0.3,low
49,tide49,2021-04-13,16:36:00,0.89,high
50,tide50,2021-04-13,22:55:00,0.42,low
51,tide51,2021-04-14,04:24:00,0.86,high
52,tide52,2021-04-14,11:03:00,0.28,low
53,tide53,2021-04-14,17:21:00,0.93,high
54,tide54,2021-04-14,23:33:00,0.44,low
55,tide55,2021-04-15,04:54:00,0.87,high
56,tide56,2021-04-15,11:34:00,0.27,low
57,tide57,2021-04-15,18:00:00,0.96,high
58,tide58,2021-04-16,00:06:00,0.46,low
59,tide59,2021-04-16,05:22:00,0.88,high
60,tide60,2021-04-16,12:06:00,0.26,low
61,tide61,2021-04-16,18:36:00,0.97,high
62,tide62,2021-04-17,00:37:00,0.47,low
63,tide63,2021-04-17,05:51:00,0.9,high
64,tide64,2021-04-17,12:39:00,0.26,low
65,tide65,2021-04-17,19:12:00,0.97,high
66,tide66,2021-04-18,01:07:00,0.49,low
67,tide67,2021-04-18,06:21:00,0.91,high
68,tide68,2021-04-18,13:14:00,0.26,low
69,tide69,2021-04-18,19:47:00,0.96,high
70,tide70,2021-04-19,01:37:00,0.5,low
71,tide71,2021-04-19,06:53:00,0.9,high
72,tide72,2021-04-19,13:49:00,0.26,low
73,tide73,2021-04-19,20:21:00,0.95,high
74,tide74,2021-04-20,02:08:00,0.52,low
75,tide75,2021-04-20,07:27:00,0.89,high
76,tide76,2021-04-20,14:23:00,0.27,low
77,tide77,2021-04-20,20:58:00,0.93,high
78,tide78,2021-04-21,02:41:00,0.53,low
79,tide79,2021-04-21,08:03:00,0.87,high
80,tide80,2021-04-21,14:58:00,0.27,low
81,tide81,2021-04-21,21:37:00,0.9,high
82,tide82,2021-04-22,03:21:00,0.53,low
83,tide83,2021-04-22,08:45:00,0.85,high
84,tide84,2021-04-22,15:37:00,0.29,low
85,tide85,2021-04-22,22:22:00,0.88,high
86,tide86,2021-04-23,04:09:00,0.53,low
87,tide87,2021-04-23,09:41:00,0.82,high
88,tide88,2021-04-23,16:24:00,0.32,low
89,tide89,2021-04-23,23:14:00,0.86,high
90,tide90,2021-04-24,05:11:00,0.51,low
91,tide91,2021-04-24,10:54:00,0.8,high
92,tide92,2021-04-24,17:26:00,0.36,low
93,tide93,2021-04-25,00:10:00,0.86,high
94,tide94,2021-04-25,06:25:00,0.46,low
95,tide95,2021-04-25,12:21:00,0.81,high
96,tide96,2021-04-25,18:43:00,0.41,low
97,tide97,2021-04-26,01:06:00,0.86,high
98,tide98,2021-04-26,07:37:00,0.4,low
99,tide99,2021-04-26,13:50:00,0.85,high
100,tide100,2021-04-26,20:03:00,0.45,low
101,tide101,2021-04-27,02:01:00,0.87,high
102,tide102,2021-04-27,08:43:00,0.32,low
103,tide103,2021-04-27,15:08:00,0.92,high
104,tide104,2021-04-27,21:21:00,0.48,low
105,tide105,2021-04-28,02:51:00,0.9,high
106,tide106,2021-04-28,09:42:00,0.26,low
107,tide107,2021-04-28,16:12:00,0.98,high
108,tide108,2021-04-28,22:28:00,0.5,low
109,tide109,2021-04-29,03:37:00,0.92,high
110,tide110,2021-04-29,10:36:00,0.22,low
111,tide111,2021-04-29,17:08:00,1.02,high
112,tide112,2021-04-29,23:19:00,0.52,low
113,tide113,2021-04-30,04:22:00,0.95,high
114,tide114,2021-04-30,11:27:00,0.2,low
115,tide115,2021-04-30,18:01:00,1.05,high
116,tide116,2021-05-01,00:05:00,0.52,low
117,tide117,2021-05-01,05:08:00,0.97,high
118,tide118,2021-05-01,12:15:00,0.2,low
119,tide119,2021-05-01,18:51:00,1.05,high
120,tide120,2021-05-02,00:49:00,0.52,low
121,tide121,2021-05-02,05:56:00,0.98,high
122,tide122,2021-05-02,13:00:00,0.21,low
123,tide123,2021-05-02,19:39:00,1.04,high
124,tide124,2021-05-03,01:32:00,0.52,low
125,tide125,2021-05-03,06:46:00,0.97,high
126,tide126,2021-05-03,13:45:00,0.23,low
127,tide127,2021-05-03,20:25:00,1.01,high
128,tide128,2021-05-04,02:15:00,0.51,low
129,tide129,2021-05-04,07:37:00,0.94,high
130,tide130,2021-05-04,14:27:00,0.27,low
131,tide131,2021-05-04,21:10:00,0.98,high
132,tide132,2021-05-05,03:01:00,0.51,low
133,tide133,2021-05-05,08:32:00,0.9,high
134,tide134,2021-05-05,15:10:00,0.3,low
135,tide135,2021-05-05,21:53:00,0.95,high
136,tide136,2021-05-06,03:51:00,0.5,low
137,tide137,2021-05-06,09:30:00,0.86,high
138,tide138,2021-05-06,15:54:00,0.35,low
139,tide139,2021-05-06,22:39:00,0.93,high
140,tide140,2021-05-07,04:53:00,0.49,low
141,tide141,2021-05-07,10:37:00,0.81,high
142,tide142,2021-05-07,16:45:00,0.4,low
143,tide143,2021-05-07,23:28:00,0.9,high
144,tide144,2021-05-08,06:12:00,0.46,low
145,tide145,2021-05-08,11:57:00,0.79,high
146,tide146,2021-05-08,17:53:00,0.46,low
147,tide147,2021-05-09,00:22:00,0.89,high
148,tide148,2021-05-09,07:22:00,0.42,low
149,tide149,2021-05-09,13:24:00,0.81,high
150,tide150,2021-05-09,19:21:00,0.5,low
151,tide151,2021-05-10,01:19:00,0.87,high
152,tide152,2021-05-10,08:20:00,0.37,low
153,tide153,2021-05-10,14:36:00,0.85,high
154,tide154,2021-05-10,20:43:00,0.52,low
155,tide155,2021-05-11,02:09:00,0.87,high
156,tide156,2021-05-11,09:06:00,0.33,low
157,tide157,2021-05-11,15:34:00,0.91,high
158,tide158,2021-05-11,21:43:00,0.53,low
159,tide159,2021-05-12,02:52:00,0.87,high
160,tide160,2021-05-12,09:45:00,0.3,low
161,tide161,2021-05-12,16:23:00,0.96,high
162,tide162,2021-05-12,22:29:00,0.54,low
163,tide163,2021-05-13,03:28:00,0.88,high
164,tide164,2021-05-13,10:21:00,0.28,low
165,tide165,2021-05-13,17:06:00,1.0,high
166,tide166,2021-05-13,23:08:00,0.55,low
167,tide167,2021-05-14,04:01:00,0.89,high
168,tide168,2021-05-14,10:55:00,0.27,low
169,tide169,2021-05-14,17:46:00,1.02,high
170,tide170,2021-05-14,23:43:00,0.55,low
171,tide171,2021-05-15,04:34:00,0.91,high
172,tide172,2021-05-15,11:31:00,0.27,low
173,tide173,2021-05-15,18:22:00,1.03,high
174,tide174,2021-05-16,00:16:00,0.55,low
175,tide175,2021-05-16,05:08:00,0.92,high
176,tide176,2021-05-16,12:07:00,0.27,low
177,tide177,2021-05-16,18:57:00,1.02,high
178,tide178,2021-05-17,00:48:00,0.55,low
179,tide179,2021-05-17,05:45:00,0.92,high
180,tide180,2021-05-17,12:43:00,0.28,low
181,tide181,2021-05-17,19:30:00,1.01,high
182,tide182,2021-05-18,01:20:00,0.56,low
183,tide183,2021-05-18,06:21:00,0.91,high
184,tide184,2021-05-18,13:18:00,0.29,low
185,tide185,2021-05-18,20:02:00,0.99,high
186,tide186,2021-05-19,01:51:00,0.56,low
187,tide187,2021-05-19,07:00:00,0.9,high
188,tide188,2021-05-19,13:51:00,0.3,low
189,tide189,2021-05-19,20:34:00,0.98,high
190,tide190,2021-05-20,02:26:00,0.55,low
191,tide191,2021-05-20,07:42:00,0.88,high
192,tide192,2021-05-20,14:25:00,0.32,low
193,tide193,2021-05-20,21:08:00,0.96,high
194,tide194,2021-05-21,03:06:00,0.53,low
195,tide195,2021-05-21,08:33:00,0.86,high
196,tide196,2021-05-21,15:03:00,0.34,low
197,tide197,2021-05-21,21:47:00,0.95,high
198,tide198,2021-05-22,03:55:00,0.51,low
199,tide199,2021-05-22,09:36:00,0.85,high
200,tide200,2021-05-22,15:50:00,0.39,low
201,tide201,2021-05-22,22:30:00,0.94,high
202,tide202,2021-05-23,04:54:00,0.46,low
203,tide203,2021-05-23,10:51:00,0.84,high
204,tide204,2021-05-23,16:48:00,0.45,low
205,tide205,2021-05-23,23:18:00,0.93,high
206,tide206,2021-05-24,06:01:00,0.4,low
207,tide207,2021-05-24,12:14:00,0.86,high
208,tide208,2021-05-24,18:02:00,0.52,low
209,tide209,2021-05-25,00:10:00,0.93,high
210,tide210,2021-05-25,07:08:00,0.34,low
211,tide211,2021-05-25,13:43:00,0.91,high
212,tide212,2021-05-25,19:22:00,0.58,low
213,tide213,2021-05-26,01:05:00,0.94,high
214,tide214,2021-05-26,08:11:00,0.27,low
215,tide215,2021-05-26,15:00:00,0.97,high
216,tide216,2021-05-26,20:46:00,0.61,low
217,tide217,2021-05-27,01:59:00,0.95,high
218,tide218,2021-05-27,09:11:00,0.23,low
219,tide219,2021-05-27,16:05:00,1.03,high
220,tide220,2021-05-27,22:04:00,0.61,low
221,tide221,2021-05-28,02:51:00,0.97,high
222,tide222,2021-05-28,10:08:00,0.21,low
223,tide223,2021-05-28,17:02:00,1.06,high
224,tide224,2021-05-28,22:59:00,0.61,low
225,tide225,2021-05-29,03:44:00,0.98,high
226,tide226,2021-05-29,11:02:00,0.21,low
227,tide227,2021-05-29,17:53:00,1.07,high
228,tide228,2021-05-29,23:48:00,0.59,low
229,tide229,2021-05-30,04:37:00,0.99,high
230,tide230,2021-05-30,11:51:00,0.22,low
231,tide231,2021-05-30,18:40:00,1.07,high
232,tide232,2021-05-31,00:34:00,0.56,low
233,tide233,2021-05-31,05:34:00,0.99,high
234,tide234,2021-05-31,12:36:00,0.24,low
235,tide235,2021-05-31,19:23:00,1.06,high
236,tide236,2021-06-01,01:19:00,0.54,low
237,tide237,2021-06-01,06:31:00,0.97,high
238,tide238,2021-06-01,13:21:00,0.28,low
239,tide239,2021-06-01,20:04:00,1.04,high
240,tide240,2021-06-02,02:05:00,0.52,low
241,tide241,2021-06-02,07:28:00,0.93,high
242,tide242,2021-06-02,14:03:00,0.32,low
243,tide243,2021-06-02,20:43:00,1.02,high
244,tide244,2021-06-03,02:51:00,0.5,low
245,tide245,2021-06-03,08:25:00,0.89,high
246,tide246,2021-06-03,14:43:00,0.36,low
247,tide247,2021-06-03,21:21:00,1.0,high
248,tide248,2021-06-04,03:43:00,0.48,low
249,tide249,2021-06-04,09:23:00,0.85,high
250,tide250,2021-06-04,15:24:00,0.41,low
251,tide251,2021-06-04,22:01:00,0.98,high
252,tide252,2021-06-05,04:41:00,0.46,low
253,tide253,2021-06-05,10:28:00,0.82,high
254,tide254,2021-06-05,16:10:00,0.47,low
255,tide255,2021-06-05,22:41:00,0.95,high
256,tide256,2021-06-06,05:44:00,0.43,low
257,tide257,2021-06-06,11:45:00,0.82,high
258,tide258,2021-06-06,17:06:00,0.53,low
259,tide259,2021-06-06,23:25:00,0.93,high
260,tide260,2021-06-07,06:40:00,0.39,low
261,tide261,2021-06-07,13:06:00,0.84,high
262,tide262,2021-06-07,18:26:00,0.59,low
263,tide263,2021-06-08,00:12:00,0.91,high
264,tide264,2021-06-08,07:31:00,0.35,low
265,tide265,2021-06-08,14:15:00,0.89,high
266,tide266,2021-06-08,19:53:00,0.63,low
267,tide267,2021-06-09,00:59:00,0.89,high
268,tide268,2021-06-09,08:17:00,0.32,low
269,tide269,2021-06-09,15:13:00,0.94,high
270,tide270,2021-06-09,21:05:00,0.63,low
271,tide271,2021-06-10,01:45:00,0.88,high
272,tide272,2021-06-10,08:59:00,0.29,low
273,tide273,2021-06-10,16:04:00,0.99,high
274,tide274,2021-06-10,21:58:00,0.63,low
275,tide275,2021-06-11,02:29:00,0.89,high
276,tide276,2021-06-11,09:40:00,0.27,low
277,tide277,2021-06-11,16:49:00,1.02,high
278,tide278,2021-06-11,22:41:00,0.62,low
279,tide279,2021-06-12,03:11:00,0.9,high
280,tide280,2021-06-12,10:21:00,0.26,low
281,tide281,2021-06-12,17:29:00,1.04,high
282,tide282,2021-06-12,23:20:00,0.6,low
283,tide283,2021-06-13,03:54:00,0.91,high
284,tide284,2021-06-13,11:01:00,0.27,low
285,tide285,2021-06-13,18:06:00,1.04,high
286,tide286,2021-06-13,23:55:00,0.59,low
287,tide287,2021-06-14,04:36:00,0.92,high
288,tide288,2021-06-14,11:40:00,0.28,low
289,tide289,2021-06-14,18:39:00,1.03,high
290,tide290,2021-06-15,00:29:00,0.58,low
291,tide291,2021-06-15,05:18:00,0.92,high
292,tide292,2021-06-15,12:17:00,0.29,low
293,tide293,2021-06-15,19:10:00,1.02,high
294,tide294,2021-06-16,01:03:00,0.57,low
295,tide295,2021-06-16,06:01:00,0.91,high
296,tide296,2021-06-16,12:51:00,0.31,low
297,tide297,2021-06-16,19:39:00,1.01,high
298,tide298,2021-06-17,01:38:00,0.55,low
299,tide299,2021-06-17,06:47:00,0.9,high
300,tide300,2021-06-17,13:24:00,0.32,low
301,tide301,2021-06-17,20:08:00,1.0,high
302,tide302,2021-06-18,02:16:00,0.53,low
303,tide303,2021-06-18,07:38:00,0.88,high
304,tide304,2021-06-18,13:59:00,0.35,low
305,tide305,2021-06-18,20:40:00,1.0,high
306,tide306,2021-06-19,02:57:00,0.49,low
307,tide307,2021-06-19,08:35:00,0.88,high
308,tide308,2021-06-19,14:38:00,0.39,low
309,tide309,2021-06-19,21:14:00,1.0,high
310,tide310,2021-06-20,03:44:00,0.45,low
311,tide311,2021-06-20,09:36:00,0.87,high
312,tide312,2021-06-20,15:23:00,0.45,low
313,tide313,2021-06-20,21:51:00,0.99,high
314,tide314,2021-06-21,04:37:00,0.4,low
315,tide315,2021-06-21,10:45:00,0.88,high
316,tide316,2021-06-21,16:19:00,0.52,low
317,tide317,2021-06-21,22:35:00,0.99,high
318,tide318,2021-06-22,05:38:00,0.34,low
319,tide319,2021-06-22,12:06:00,0.89,high
320,tide320,2021-06-22,17:26:00,0.59,low
321,tide321,2021-06-22,23:25:00,0.98,high
322,tide322,2021-06-23,06:42:00,0.29,low
323,tide323,2021-06-23,13:34:00,0.93,high
324,tide324,2021-06-23,18:46:00,0.65,low
325,tide325,2021-06-24,00:21:00,0.98,high
326,tide326,2021-06-24,07:45:00,0.24,low
327,tide327,2021-06-24,14:51:00,0.98,high
328,tide328,2021-06-24,20:10:00,0.67,low
329,tide329,2021-06-25,01:21:00,0.97,high
330,tide330,2021-06-25,08:47:00,0.22,low
331,tide331,2021-06-25,15:55:00,1.02,high
332,tide332,2021-06-25,21:38:00,0.66,low
333,tide333,2021-06-26,02:19:00,0.98,high
334,tide334,2021-06-26,09:46:00,0.21,low
335,tide335,2021-06-26,16:51:00,1.04,high
336,tide336,2021-06-26,22:41:00,0.63,low
337,tide337,2021-06-27,03:18:00,0.97,high
338,tide338,2021-06-27,10:41:00,0.22,low
339,tide339,2021-06-27,17:39:00,1.05,high
340,tide340,2021-06-27,23:33:00,0.59,low
341,tide341,2021-06-28,04:21:00,0.97,high
342,tide342,2021-06-28,11:32:00,0.24,low
343,tide343,2021-06-28,18:21:00,1.05,high
344,tide344,2021-06-29,00:21:00,0.55,low
345,tide345,2021-06-29,05:24:00,0.96,high
346,tide346,2021-06-29,12:17:00,0.27,low
347,tide347,2021-06-29,19:00:00,1.04,high
348,tide348,2021-06-30,01:06:00,0.51,low
349,tide349,2021-06-30,06:24:00,0.93,high
350,tide350,2021-06-30,13:00:00,0.3,low
351,tide351,2021-06-30,19:36:00,1.03,high
352,tide352,2021-07-01,01:52:00,0.48,low
353,tide353,2021-07-01,07:20:00,0.91,high
354,tide354,2021-07-01,13:40:00,0.35,low
355,tide355,2021-07-01,20:12:00,1.02,high
356,tide356,2021-07-02,02:37:00,0.45,low
357,tide357,2021-07-02,08:14:00,0.88,high
358,tide358,2021-07-02,14:19:00,0.39,low
359,tide359,2021-07-02,20:46:00,1.01,high
360,tide360,2021-07-03,03:23:00,0.43,low
361,tide361,2021-07-03,09:08:00,0.85,high
362,tide362,2021-07-03,14:56:00,0.44,low
363,tide363,2021-07-03,21:21:00,0.99,high
364,tide364,2021-07-04,04:09:00,0.41,low
365,tide365,2021-07-04,10:06:00,0.83,high
366,tide366,2021-07-04,15:36:00,0.5,low
367,tide367,2021-07-04,21:55:00,0.97,high
368,tide368,2021-07-05,04:58:00,0.38,low
369,tide369,2021-07-05,11:15:00,0.83,high
370,tide370,2021-07-05,16:21:00,0.56,low
371,tide371,2021-07-05,22:32:00,0.95,high
372,tide372,2021-07-06,05:48:00,0.36,low
373,tide373,2021-07-06,12:32:00,0.85,high
374,tide374,2021-07-06,17:18:00,0.62,low
375,tide375,2021-07-06,23:14:00,0.92,high
376,tide376,2021-07-07,06:38:00,0.33,low
377,tide377,2021-07-07,13:42:00,0.88,high
378,tide378,2021-07-07,18:37:00,0.67,low
379,tide379,2021-07-08,00:01:00,0.9,high
380,tide380,2021-07-08,07:28:00,0.3,low
381,tide381,2021-07-08,14:44:00,0.92,high
382,tide382,2021-07-08,20:07:00,0.68,low
383,tide383,2021-07-09,00:51:00,0.88,high
384,tide384,2021-07-09,08:17:00,0.28,low
385,tide385,2021-07-09,15:38:00,0.96,high
386,tide386,2021-07-09,21:19:00,0.67,low
387,tide387,2021-07-10,01:43:00,0.88,high
388,tide388,2021-07-10,09:06:00,0.26,low
389,tide389,2021-07-10,16:25:00,0.98,high
390,tide390,2021-07-10,22:11:00,0.64,low
391,tide391,2021-07-11,02:35:00,0.88,high
392,tide392,2021-07-11,09:52:00,0.25,low
393,tide393,2021-07-11,17:06:00,1.0,high
394,tide394,2021-07-11,22:54:00,0.61,low
395,tide395,2021-07-12,03:24:00,0.89,high
396,tide396,2021-07-12,10:36:00,0.25,low
397,tide397,2021-07-12,17:41:00,1.01,high
398,tide398,2021-07-12,23:33:00,0.57,low
399,tide399,2021-07-13,04:14:00,0.89,high
400,tide400,2021-07-13,11:18:00,0.26,low
401,tide401,2021-07-13,18:13:00,1.0,high
402,tide402,2021-07-14,00:10:00,0.55,low
403,tide403,2021-07-14,05:04:00,0.89,high
404,tide404,2021-07-14,11:56:00,0.28,low
405,tide405,2021-07-14,18:42:00,1.0,high
406,tide406,2021-07-15,00:47:00,0.52,low
407,tide407,2021-07-15,05:55:00,0.89,high
408,tide408,2021-07-15,12:31:00,0.31,low
409,tide409,2021-07-15,19:11:00,1.0,high
410,tide410,2021-07-16,01:24:00,0.48,low
411,tide411,2021-07-16,06:48:00,0.89,high
412,tide412,2021-07-16,13:06:00,0.34,low
413,tide413,2021-07-16,19:39:00,1.0,high
414,tide414,2021-07-17,02:04:00,0.45,low
415,tide415,2021-07-17,07:40:00,0.89,high
416,tide416,2021-07-17,13:41:00,0.38,low
417,tide417,2021-07-17,20:09:00,1.0,high
418,tide418,2021-07-18,02:45:00,0.41,low
419,tide419,2021-07-18,08:34:00,0.89,high
420,tide420,2021-07-18,14:21:00,0.43,low
421,tide421,2021-07-18,20:42:00,1.0,high
422,tide422,2021-07-19,03:30:00,0.36,low
423,tide423,2021-07-19,09:32:00,0.89,high
424,tide424,2021-07-19,15:05:00,0.49,low
425,tide425,2021-07-19,21:18:00,1.0,high
426,tide426,2021-07-20,04:21:00,0.32,low
427,tide427,2021-07-20,10:36:00,0.88,high
428,tide428,2021-07-20,15:56:00,0.55,low
429,tide429,2021-07-20,21:59:00,1.0,high
430,tide430,2021-07-21,05:16:00,0.28,low
431,tide431,2021-07-21,11:57:00,0.89,high
432,tide432,2021-07-21,16:57:00,0.61,low
433,tide433,2021-07-21,22:49:00,0.98,high
434,tide434,2021-07-22,06:18:00,0.25,low
435,tide435,2021-07-22,13:21:00,0.9,high
436,tide436,2021-07-22,18:13:00,0.66,low
437,tide437,2021-07-22,23:48:00,0.96,high
438,tide438,2021-07-23,07:22:00,0.22,low
439,tide439,2021-07-23,14:35:00,0.93,high
440,tide440,2021-07-23,19:39:00,0.67,low
441,tide441,2021-07-24,00:52:00,0.95,high
442,tide442,2021-07-24,08:26:00,0.21,low
443,tide443,2021-07-24,15:38:00,0.96,high
444,tide444,2021-07-24,21:18:00,0.64,low
445,tide445,2021-07-25,01:59:00,0.93,high
446,tide446,2021-07-25,09:30:00,0.21,low
447,tide447,2021-07-25,16:32:00,0.98,high
448,tide448,2021-07-25,22:27:00,0.58,low
449,tide449,2021-07-26,03:08:00,0.92,high
450,tide450,2021-07-26,10:27:00,0.22,low
451,tide451,2021-07-26,17:17:00,0.99,high
452,tide452,2021-07-26,23:21:00,0.53,low
453,tide453,2021-07-27,04:21:00,0.91,high
454,tide454,2021-07-27,11:18:00,0.25,low
455,tide455,2021-07-27,17:55:00,0.99,high
456,tide456,2021-07-28,00:07:00,0.48,low
457,tide457,2021-07-28,05:23:00,0.91,high
458,tide458,2021-07-28,12:02:00,0.28,low
459,tide459,2021-07-28,18:31:00,0.99,high
460,tide460,2021-07-29,00:51:00,0.44,low
461,tide461,2021-07-29,06:17:00,0.9,high
462,tide462,2021-07-29,12:42:00,0.32,low
463,tide463,2021-07-29,19:05:00,0.99,high
464,tide464,2021-07-30,01:33:00,0.41,low
465,tide465,2021-07-30,07:07:00,0.88,high
466,tide466,2021-07-30,13:20:00,0.36,low
467,tide467,2021-07-30,19:37:00,0.99,high
468,tide468,2021-07-31,02:12:00,0.39,low
469,tide469,2021-07-31,07:56:00,0.87,high
470,tide470,2021-07-31,13:55:00,0.4,low
471,tide471,2021-07-31,20:08:00,0.98,high
472,tide472,2021-08-01,02:50:00,0.37,low
473,tide473,2021-08-01,08:45:00,0.85,high
474,tide474,2021-08-01,14:30:00,0.45,low
475,tide475,2021-08-01,20:39:00,0.97,high
476,tide476,2021-08-02,03:28:00,0.35,low
477,tide477,2021-08-02,09:36:00,0.84,high
478,tide478,2021-08-02,15:06:00,0.49,low
479,tide479,2021-08-02,21:09:00,0.96,high
480,tide480,2021-08-03,04:06:00,0.33,low
481,tide481,2021-08-03,10:33:00,0.84,high
482,tide482,2021-08-03,15:45:00,0.55,low
483,tide483,2021-08-03,21:42:00,0.94,high
484,tide484,2021-08-04,04:51:00,0.31,low
485,tide485,2021-08-04,11:39:00,0.84,high
486,tide486,2021-08-04,16:30:00,0.6,low
487,tide487,2021-08-04,22:20:00,0.91,high
488,tide488,2021-08-05,05:40:00,0.29,low
489,tide489,2021-08-05,12:54:00,0.84,high
490,tide490,2021-08-05,17:25:00,0.64,low
491,tide491,2021-08-05,23:06:00,0.88,high
492,tide492,2021-08-06,06:36:00,0.28,low
493,tide493,2021-08-06,14:04:00,0.86,high
494,tide494,2021-08-06,18:41:00,0.66,low
495,tide495,2021-08-07,00:03:00,0.85,high
496,tide496,2021-08-07,07:36:00,0.26,low
497,tide497,2021-08-07,15:03:00,0.88,high
498,tide498,2021-08-07,20:19:00,0.65,low
499,tide499,2021-08-08,01:04:00,0.83,high
500,tide500,2021-08-08,08:33:00,0.25,low
501,tide501,2021-08-08,15:51:00,0.91,high
502,tide502,2021-08-08,21:33:00,0.61,low
503,tide503,2021-08-09,02:05:00,0.83,high
504,tide504,2021-08-09,09:25:00,0.24,low
505,tide505,2021-08-09,16:31:00,0.93,high
506,tide506,2021-08-09,22:23:00,0.56,low
507,tide507,2021-08-10,03:05:00,0.84,high
508,tide508,2021-08-10,10:14:00,0.24,low
509,tide509,2021-08-10,17:06:00,0.94,high
510,tide510,2021-08-10,23:06:00,0.51,low
511,tide511,2021-08-11,04:06:00,0.86,high
512,tide512,2021-08-11,10:58:00,0.26,low
513,tide513,2021-08-11,17:36:00,0.95,high
514,tide514,2021-08-11,23:45:00,0.46,low
515,tide515,2021-08-12,05:02:00,0.88,high
516,tide516,2021-08-12,11:38:00,0.28,low
517,tide517,2021-08-12,18:06:00,0.96,high
518,tide518,2021-08-13,00:24:00,0.42,low
519,tide519,2021-08-13,05:54:00,0.9,high
520,tide520,2021-08-13,12:16:00,0.32,low
521,tide521,2021-08-13,18:36:00,0.97,high
522,tide522,2021-08-14,01:04:00,0.38,low
523,tide523,2021-08-14,06:45:00,0.91,high
524,tide524,2021-08-14,12:53:00,0.36,low
525,tide525,2021-08-14,19:06:00,0.98,high
526,tide526,2021-08-15,01:45:00,0.34,low
527,tide527,2021-08-15,07:36:00,0.91,high
528,tide528,2021-08-15,13:31:00,0.4,low
529,tide529,2021-08-15,19:37:00,0.98,high
530,tide530,2021-08-16,02:27:00,0.31,low
531,tide531,2021-08-16,08:27:00,0.9,high
532,tide532,2021-08-16,14:10:00,0.45,low
533,tide533,2021-08-16,20:11:00,0.99,high
534,tide534,2021-08-17,03:12:00,0.28,low
535,tide535,2021-08-17,09:22:00,0.89,high
536,tide536,2021-08-17,14:53:00,0.5,low
537,tide537,2021-08-17,20:48:00,0.98,high
538,tide538,2021-08-18,03:59:00,0.26,low
539,tide539,2021-08-18,10:26:00,0.87,high
540,tide540,2021-08-18,15:41:00,0.55,low
541,tide541,2021-08-18,21:30:00,0.97,high
542,tide542,2021-08-19,04:51:00,0.24,low
543,tide543,2021-08-19,11:44:00,0.85,high
544,tide544,2021-08-19,16:36:00,0.59,low
545,tide545,2021-08-19,22:21:00,0.94,high
546,tide546,2021-08-20,05:52:00,0.23,low
547,tide547,2021-08-20,12:59:00,0.85,high
548,tide548,2021-08-20,17:48:00,0.61,low
549,tide549,2021-08-20,23:26:00,0.91,high
550,tide550,2021-08-21,06:59:00,0.23,low
551,tide551,2021-08-21,14:08:00,0.87,high
552,tide552,2021-08-21,19:20:00,0.61,low
553,tide553,2021-08-22,00:38:00,0.88,high
554,tide554,2021-08-22,08:09:00,0.23,low
555,tide555,2021-08-22,15:10:00,0.89,high
556,tide556,2021-08-22,21:06:00,0.56,low
557,tide557,2021-08-23,01:56:00,0.86,high
558,tide558,2021-08-23,09:18:00,0.23,low
559,tide559,2021-08-23,16:02:00,0.91,high
560,tide560,2021-08-23,22:14:00,0.49,low
561,tide561,2021-08-24,03:20:00,0.86,high
562,tide562,2021-08-24,10:18:00,0.24,low
563,tide563,2021-08-24,16:46:00,0.92,high
564,tide564,2021-08-24,23:05:00,0.43,low
565,tide565,2021-08-25,04:25:00,0.87,high
566,tide566,2021-08-25,11:06:00,0.27,low
567,tide567,2021-08-25,17:22:00,0.93,high
568,tide568,2021-08-25,23:48:00,0.38,low
569,tide569,2021-08-26,05:19:00,0.88,high
570,tide570,2021-08-26,11:49:00,0.3,low
571,tide571,2021-08-26,17:56:00,0.93,high
572,tide572,2021-08-27,00:26:00,0.35,low
573,tide573,2021-08-27,06:06:00,0.88,high
574,tide574,2021-08-27,12:26:00,0.34,low
575,tide575,2021-08-27,18:28:00,0.94,high
576,tide576,2021-08-28,01:03:00,0.33,low
577,tide577,2021-08-28,06:51:00,0.88,high
578,tide578,2021-08-28,13:01:00,0.37,low
579,tide579,2021-08-28,18:59:00,0.94,high
580,tide580,2021-08-29,01:36:00,0.32,low
581,tide581,2021-08-29,07:36:00,0.88,high
582,tide582,2021-08-29,13:34:00,0.41,low
583,tide583,2021-08-29,19:28:00,0.94,high
584,tide584,2021-08-30,02:10:00,0.3,low
585,tide585,2021-08-30,08:19:00,0.87,high
586,tide586,2021-08-30,14:06:00,0.44,low
587,tide587,2021-08-30,19:56:00,0.94,high
588,tide588,2021-08-31,02:45:00,0.29,low
589,tide589,2021-08-31,09:02:00,0.86,high
590,tide590,2021-08-31,14:37:00,0.48,low
591,tide591,2021-08-31,20:24:00,0.93,high
592,tide592,2021-09-01,03:21:00,0.28,low
593,tide593,2021-09-01,09:50:00,0.84,high
594,tide594,2021-09-01,15:13:00,0.51,low
595,tide595,2021-09-01,20:56:00,0.91,high
596,tide596,2021-09-02,04:01:00,0.27,low
597,tide597,2021-09-02,10:43:00,0.82,high
598,tide598,2021-09-02,15:53:00,0.55,low
599,tide599,2021-09-02,21:32:00,0.88,high
600,tide600,2021-09-03,04:47:00,0.27,low
601,tide601,2021-09-03,11:46:00,0.81,high
602,tide602,2021-09-03,16:41:00,0.59,low
603,tide603,2021-09-03,22:17:00,0.84,high
604,tide604,2021-09-04,05:40:00,0.27,low
605,tide605,2021-09-04,12:58:00,0.8,high
606,tide606,2021-09-04,17:44:00,0.61,low
607,tide607,2021-09-04,23:17:00,0.81,high
608,tide608,2021-09-05,06:46:00,0.27,low
609,tide609,2021-09-05,14:06:00,0.81,high
610,tide610,2021-09-05,19:09:00,0.6,low
611,tide611,2021-09-06,00:30:00,0.78,high
612,tide612,2021-09-06,07:53:00,0.27,low
613,tide613,2021-09-06,15:00:00,0.83,high
614,tide614,2021-09-06,20:39:00,0.55,low
615,tide615,2021-09-07,01:44:00,0.79,high
616,tide616,2021-09-07,08:55:00,0.26,low
617,tide617,2021-09-07,15:42:00,0.86,high
618,tide618,2021-09-07,21:42:00,0.48,low
619,tide619,2021-09-08,02:57:00,0.82,high
620,tide620,2021-09-08,09:51:00,0.27,low
621,tide621,2021-09-08,16:19:00,0.88,high
622,tide622,2021-09-08,22:31:00,0.41,low
623,tide623,2021-09-09,04:02:00,0.86,high
624,tide624,2021-09-09,10:39:00,0.29,low
625,tide625,2021-09-09,16:52:00,0.9,high
626,tide626,2021-09-09,23:14:00,0.35,low
627,tide627,2021-09-10,04:57:00,0.9,high
628,tide628,2021-09-10,11:23:00,0.32,low
629,tide629,2021-09-10,17:24:00,0.92,high
630,tide630,2021-09-10,23:55:00,0.31,low
631,tide631,2021-09-11,05:48:00,0.93,high
632,tide632,2021-09-11,12:05:00,0.36,low
633,tide633,2021-09-11,17:57:00,0.94,high
634,tide634,2021-09-12,00:37:00,0.27,low
635,tide635,2021-09-12,06:37:00,0.94,high
636,tide636,2021-09-12,12:45:00,0.4,low
637,tide637,2021-09-12,18:30:00,0.95,high
638,tide638,2021-09-13,01:21:00,0.25,low
639,tide639,2021-09-13,07:27:00,0.94,high
640,tide640,2021-09-13,13:25:00,0.43,low
641,tide641,2021-09-13,19:06:00,0.96,high
642,tide642,2021-09-14,02:05:00,0.23,low
643,tide643,2021-09-14,08:19:00,0.92,high
644,tide644,2021-09-14,14:06:00,0.47,low
645,tide645,2021-09-14,19:43:00,0.96,high
646,tide646,2021-09-15,02:50:00,0.23,low
647,tide647,2021-09-15,09:13:00,0.89,high
648,tide648,2021-09-15,14:47:00,0.5,low
649,tide649,2021-09-15,20:24:00,0.95,high
650,tide650,2021-09-16,03:36:00,0.23,low
651,tide651,2021-09-16,10:14:00,0.86,high
652,tide652,2021-09-16,15:32:00,0.53,low
653,tide653,2021-09-16,21:10:00,0.92,high
654,tide654,2021-09-17,04:26:00,0.24,low
655,tide655,2021-09-17,11:19:00,0.83,high
656,tide656,2021-09-17,16:26:00,0.54,low
657,tide657,2021-09-17,22:08:00,0.88,high
658,tide658,2021-09-18,05:24:00,0.25,low
659,tide659,2021-09-18,12:25:00,0.82,high
660,tide660,2021-09-18,17:37:00,0.55,low
661,tide661,2021-09-18,23:19:00,0.84,high
662,tide662,2021-09-19,06:34:00,0.27,low
663,tide663,2021-09-19,13:31:00,0.82,high
664,tide664,2021-09-19,19:15:00,0.52,low
665,tide665,2021-09-20,00:41:00,0.81,high
666,tide666,2021-09-20,07:51:00,0.28,low
667,tide667,2021-09-20,14:33:00,0.84,high
668,tide668,2021-09-20,20:53:00,0.46,low
669,tide669,2021-09-21,02:15:00,0.81,high
670,tide670,2021-09-21,09:06:00,0.28,low
671,tide671,2021-09-21,15:24:00,0.85,high
672,tide672,2021-09-21,21:54:00,0.39,low
673,tide673,2021-09-22,03:27:00,0.83,high
674,tide674,2021-09-22,10:06:00,0.29,low
675,tide675,2021-09-22,16:07:00,0.87,high
676,tide676,2021-09-22,22:41:00,0.33,low
677,tide677,2021-09-23,04:23:00,0.86,high
678,tide678,2021-09-23,10:53:00,0.32,low
679,tide679,2021-09-23,16:45:00,0.88,high
680,tide680,2021-09-23,23:20:00,0.3,low
681,tide681,2021-09-24,05:11:00,0.89,high
682,tide682,2021-09-24,11:34:00,0.35,low
683,tide683,2021-09-24,17:18:00,0.88,high
684,tide684,2021-09-24,23:53:00,0.28,low
685,tide685,2021-09-25,05:54:00,0.9,high
686,tide686,2021-09-25,12:08:00,0.38,low
687,tide687,2021-09-25,17:48:00,0.89,high
688,tide688,2021-09-26,00:25:00,0.27,low
689,tide689,2021-09-26,06:35:00,0.91,high
690,tide690,2021-09-26,12:41:00,0.4,low
691,tide691,2021-09-26,18:17:00,0.9,high
692,tide692,2021-09-27,00:57:00,0.26,low
693,tide693,2021-09-27,07:14:00,0.91,high
694,tide694,2021-09-27,13:12:00,0.43,low
695,tide695,2021-09-27,18:45:00,0.91,high
696,tide696,2021-09-28,01:30:00,0.26,low
697,tide697,2021-09-28,07:52:00,0.9,high
698,tide698,2021-09-28,13:42:00,0.45,low
699,tide699,2021-09-28,19:13:00,0.91,high
700,tide700,2021-09-29,02:05:00,0.25,low
701,tide701,2021-09-29,08:30:00,0.89,high
702,tide702,2021-09-29,14:12:00,0.47,low
703,tide703,2021-09-29,19:44:00,0.9,high
704,tide704,2021-09-30,02:40:00,0.25,low
705,tide705,2021-09-30,09:11:00,0.86,high
706,tide706,2021-09-30,14:45:00,0.49,low
707,tide707,2021-09-30,20:16:00,0.88,high
708,tide708,2021-10-01,03:19:00,0.25,low
709,tide709,2021-10-01,09:56:00,0.83,high
710,tide710,2021-10-01,15:22:00,0.52,low
711,tide711,2021-10-01,20:53:00,0.85,high
712,tide712,2021-10-02,04:00:00,0.26,low
713,tide713,2021-10-02,10:48:00,0.81,high
714,tide714,2021-10-02,16:08:00,0.53,low
715,tide715,2021-10-02,21:39:00,0.81,high
716,tide716,2021-10-03,05:49:00,0.28,low
717,tide717,2021-10-03,12:47:00,0.79,high
718,tide718,2021-10-03,18:08:00,0.54,low
719,tide719,2021-10-03,23:43:00,0.77,high
720,tide720,2021-10-04,06:50:00,0.3,low
721,tide721,2021-10-04,13:49:00,0.79,high
722,tide722,2021-10-04,19:25:00,0.52,low
723,tide723,2021-10-05,01:06:00,0.76,high
724,tide724,2021-10-05,08:04:00,0.32,low
725,tide725,2021-10-05,14:47:00,0.8,high
726,tide726,2021-10-05,20:47:00,0.46,low
727,tide727,2021-10-06,02:34:00,0.78,high
728,tide728,2021-10-06,09:16:00,0.33,low
729,tide729,2021-10-06,15:37:00,0.82,high
730,tide730,2021-10-06,21:54:00,0.38,low
731,tide731,2021-10-07,03:51:00,0.83,high
732,tide732,2021-10-07,10:21:00,0.35,low
733,tide733,2021-10-07,16:21:00,0.84,high
734,tide734,2021-10-07,22:50:00,0.31,low
735,tide735,2021-10-08,04:55:00,0.89,high
736,tide736,2021-10-08,11:19:00,0.37,low
737,tide737,2021-10-08,17:00:00,0.87,high
738,tide738,2021-10-08,23:38:00,0.25,low
739,tide739,2021-10-09,05:50:00,0.94,high
740,tide740,2021-10-09,12:08:00,0.4,low
741,tide741,2021-10-09,17:37:00,0.9,high
742,tide742,2021-10-10,00:24:00,0.21,low
743,tide743,2021-10-10,06:40:00,0.97,high
744,tide744,2021-10-10,12:52:00,0.42,low
745,tide745,2021-10-10,18:15:00,0.92,high
746,tide746,2021-10-11,01:10:00,0.19,low
747,tide747,2021-10-11,07:29:00,0.98,high
748,tide748,2021-10-11,13:36:00,0.45,low
749,tide749,2021-10-11,18:55:00,0.94,high
750,tide750,2021-10-12,01:55:00,0.19,low
751,tide751,2021-10-12,08:20:00,0.97,high
752,tide752,2021-10-12,14:17:00,0.46,low
753,tide753,2021-10-12,19:36:00,0.95,high
754,tide754,2021-10-13,02:40:00,0.19,low
755,tide755,2021-10-13,09:10:00,0.94,high
756,tide756,2021-10-13,14:58:00,0.48,low
757,tide757,2021-10-13,20:21:00,0.94,high
758,tide758,2021-10-14,03:25:00,0.21,low
759,tide759,2021-10-14,10:02:00,0.91,high
760,tide760,2021-10-14,15:41:00,0.49,low
761,tide761,2021-10-14,21:08:00,0.91,high
762,tide762,2021-10-15,04:10:00,0.23,low
763,tide763,2021-10-15,10:54:00,0.87,high
764,tide764,2021-10-15,16:28:00,0.49,low
765,tide765,2021-10-15,22:03:00,0.87,high
766,tide766,2021-10-16,04:58:00,0.26,low
767,tide767,2021-10-16,11:47:00,0.84,high
768,tide768,2021-10-16,17:23:00,0.49,low
769,tide769,2021-10-16,23:07:00,0.82,high
770,tide770,2021-10-17,05:53:00,0.3,low
771,tide771,2021-10-17,12:44:00,0.82,high
772,tide772,2021-10-17,18:38:00,0.48,low
773,tide773,2021-10-18,00:25:00,0.78,high
774,tide774,2021-10-18,07:04:00,0.33,low
775,tide775,2021-10-18,13:45:00,0.82,high
776,tide776,2021-10-18,20:14:00,0.43,low
777,tide777,2021-10-19,01:58:00,0.77,high
778,tide778,2021-10-19,08:29:00,0.36,low
779,tide779,2021-10-19,14:46:00,0.82,high
780,tide780,2021-10-19,21:30:00,0.37,low
781,tide781,2021-10-20,03:21:00,0.8,high
782,tide782,2021-10-20,09:48:00,0.37,low
783,tide783,2021-10-20,15:39:00,0.83,high
784,tide784,2021-10-20,22:25:00,0.31,low
785,tide785,2021-10-21,04:24:00,0.85,high
786,tide786,2021-10-21,10:48:00,0.38,low
787,tide787,2021-10-21,16:24:00,0.83,high
788,tide788,2021-10-21,23:07:00,0.27,low
789,tide789,2021-10-22,05:17:00,0.89,high
790,tide790,2021-10-22,11:35:00,0.4,low
791,tide791,2021-10-22,17:02:00,0.84,high
792,tide792,2021-10-22,23:43:00,0.25,low
793,tide793,2021-10-23,06:02:00,0.93,high
794,tide794,2021-10-23,12:14:00,0.42,low
795,tide795,2021-10-23,17:34:00,0.85,high
796,tide796,2021-10-24,00:15:00,0.23,low
797,tide797,2021-10-24,06:42:00,0.95,high
798,tide798,2021-10-24,12:49:00,0.43,low
799,tide799,2021-10-24,18:03:00,0.87,high
800,tide800,2021-10-25,00:47:00,0.23,low
801,tide801,2021-10-25,07:20:00,0.95,high
802,tide802,2021-10-25,13:21:00,0.45,low
803,tide803,2021-10-25,18:33:00,0.88,high
804,tide804,2021-10-26,01:20:00,0.23,low
805,tide805,2021-10-26,07:55:00,0.95,high
806,tide806,2021-10-26,13:51:00,0.46,low
807,tide807,2021-10-26,19:04:00,0.89,high
808,tide808,2021-10-27,01:54:00,0.23,low
809,tide809,2021-10-27,08:30:00,0.94,high
810,tide810,2021-10-27,14:21:00,0.47,low
811,tide811,2021-10-27,19:36:00,0.89,high
812,tide812,2021-10-28,02:29:00,0.24,low
813,tide813,2021-10-28,09:05:00,0.91,high
814,tide814,2021-10-28,14:51:00,0.48,low
815,tide815,2021-10-28,20:09:00,0.87,high
816,tide816,2021-10-29,03:04:00,0.24,low
817,tide817,2021-10-29,09:40:00,0.89,high
818,tide818,2021-10-29,15:23:00,0.49,low
819,tide819,2021-10-29,20:45:00,0.85,high
820,tide820,2021-10-30,03:38:00,0.25,low
821,tide821,2021-10-30,10:19:00,0.86,high
822,tide822,2021-10-30,16:01:00,0.49,low
823,tide823,2021-10-30,21:25:00,0.82,high
824,tide824,2021-10-31,04:17:00,0.27,low
825,tide825,2021-10-31,11:01:00,0.84,high
826,tide826,2021-10-31,16:46:00,0.49,low
827,tide827,2021-10-31,22:18:00,0.79,high
828,tide828,2021-11-01,05:01:00,0.3,low
829,tide829,2021-11-01,11:49:00,0.82,high
830,tide830,2021-11-01,17:43:00,0.47,low
831,tide831,2021-11-01,23:27:00,0.76,high
832,tide832,2021-11-02,05:58:00,0.34,low
833,tide833,2021-11-02,12:40:00,0.81,high
834,tide834,2021-11-02,18:53:00,0.43,low
835,tide835,2021-11-03,00:53:00,0.76,high
836,tide836,2021-11-03,07:11:00,0.39,low
837,tide837,2021-11-03,13:35:00,0.82,high
838,tide838,2021-11-03,20:07:00,0.37,low
839,tide839,2021-11-04,02:24:00,0.8,high
840,tide840,2021-11-04,08:31:00,0.43,low
841,tide841,2021-11-04,14:28:00,0.83,high
842,tide842,2021-11-04,21:13:00,0.29,low
843,tide843,2021-11-05,03:43:00,0.87,high
844,tide844,2021-11-05,09:47:00,0.46,low
845,tide845,2021-11-05,15:19:00,0.85,high
846,tide846,2021-11-05,22:11:00,0.23,low
847,tide847,2021-11-06,04:47:00,0.93,high
848,tide848,2021-11-06,10:56:00,0.48,low
849,tide849,2021-11-06,16:06:00,0.87,high
850,tide850,2021-11-06,23:06:00,0.18,low
851,tide851,2021-11-07,05:43:00,0.98,high
852,tide852,2021-11-07,11:51:00,0.49,low
853,tide853,2021-11-07,16:51:00,0.9,high
854,tide854,2021-11-07,23:57:00,0.16,low
855,tide855,2021-11-08,06:35:00,1.0,high
856,tide856,2021-11-08,12:38:00,0.49,low
857,tide857,2021-11-08,17:37:00,0.93,high
858,tide858,2021-11-09,00:46:00,0.15,low
859,tide859,2021-11-09,07:24:00,1.0,high
860,tide860,2021-11-09,13:22:00,0.49,low
861,tide861,2021-11-09,18:25:00,0.94,high
862,tide862,2021-11-10,01:33:00,0.16,low
863,tide863,2021-11-10,08:13:00,0.99,high
864,tide864,2021-11-10,14:06:00,0.48,low
865,tide865,2021-11-10,19:15:00,0.94,high
866,tide866,2021-11-11,02:18:00,0.18,low
867,tide867,2021-11-11,08:59:00,0.96,high
868,tide868,2021-11-11,14:50:00,0.47,low
869,tide869,2021-11-11,20:08:00,0.92,high
870,tide870,2021-11-12,03:02:00,0.22,low
871,tide871,2021-11-12,09:44:00,0.93,high
872,tide872,2021-11-12,15:36:00,0.46,low
873,tide873,2021-11-12,21:04:00,0.88,high
874,tide874,2021-11-13,03:46:00,0.26,low
875,tide875,2021-11-13,10:28:00,0.9,high
876,tide876,2021-11-13,16:25:00,0.45,low
877,tide877,2021-11-13,22:04:00,0.83,high
878,tide878,2021-11-14,04:31:00,0.3,low
879,tide879,2021-11-14,11:12:00,0.87,high
880,tide880,2021-11-14,17:23:00,0.43,low
881,tide881,2021-11-14,23:10:00,0.79,high
882,tide882,2021-11-15,05:21:00,0.35,low
883,tide883,2021-11-15,12:00:00,0.85,high
884,tide884,2021-11-15,18:37:00,0.4,low
885,tide885,2021-11-16,00:30:00,0.76,high
886,tide886,2021-11-16,06:26:00,0.41,low
887,tide887,2021-11-16,12:51:00,0.84,high
888,tide888,2021-11-16,19:52:00,0.36,low
889,tide889,2021-11-17,01:59:00,0.77,high
890,tide890,2021-11-17,07:53:00,0.45,low
891,tide891,2021-11-17,13:47:00,0.82,high
892,tide892,2021-11-17,20:53:00,0.31,low
893,tide893,2021-11-18,03:13:00,0.82,high
894,tide894,2021-11-18,09:17:00,0.47,low
895,tide895,2021-11-18,14:41:00,0.82,high
896,tide896,2021-11-18,21:44:00,0.27,low
897,tide897,2021-11-19,04:14:00,0.87,high
898,tide898,2021-11-19,10:21:00,0.48,low
899,tide899,2021-11-19,15:28:00,0.81,high
900,tide900,2021-11-19,22:27:00,0.24,low
901,tide901,2021-11-20,05:05:00,0.92,high
902,tide902,2021-11-20,11:11:00,0.49,low
903,tide903,2021-11-20,16:08:00,0.82,high
904,tide904,2021-11-20,23:04:00,0.22,low
905,tide905,2021-11-21,05:50:00,0.95,high
906,tide906,2021-11-21,11:51:00,0.49,low
907,tide907,2021-11-21,16:43:00,0.83,high
908,tide908,2021-11-21,23:38:00,0.21,low
909,tide909,2021-11-22,06:29:00,0.97,high
910,tide910,2021-11-22,12:28:00,0.49,low
911,tide911,2021-11-22,17:18:00,0.85,high
912,tide912,2021-11-23,00:14:00,0.2,low
913,tide913,2021-11-23,07:06:00,0.98,high
914,tide914,2021-11-23,13:01:00,0.48,low
915,tide915,2021-11-23,17:53:00,0.86,high
916,tide916,2021-11-24,00:50:00,0.21,low
917,tide917,2021-11-24,07:41:00,0.97,high
918,tide918,2021-11-24,13:33:00,0.48,low
919,tide919,2021-11-24,18:30:00,0.87,high
920,tide920,2021-11-25,01:25:00,0.22,low
921,tide921,2021-11-25,08:14:00,0.95,high
922,tide922,2021-11-25,14:05:00,0.48,low
923,tide923,2021-11-25,19:07:00,0.86,high
924,tide924,2021-11-26,02:00:00,0.23,low
925,tide925,2021-11-26,08:45:00,0.93,high
926,tide926,2021-11-26,14:36:00,0.48,low
927,tide927,2021-11-26,19:46:00,0.85,high
928,tide928,2021-11-27,02:33:00,0.24,low
929,tide929,2021-11-27,09:16:00,0.91,high
930,tide930,2021-11-27,15:08:00,0.47,low
931,tide931,2021-11-27,20:26:00,0.83,high
932,tide932,2021-11-28,03:06:00,0.26,low
933,tide933,2021-11-28,09:48:00,0.9,high
934,tide934,2021-11-28,15:46:00,0.46,low
935,tide935,2021-11-28,21:14:00,0.8,high
936,tide936,2021-11-29,03:40:00,0.29,low
937,tide937,2021-11-29,10:23:00,0.88,high
938,tide938,2021-11-29,16:31:00,0.43,low
939,tide939,2021-11-29,22:12:00,0.78,high
940,tide940,2021-11-30,04:23:00,0.33,low
941,tide941,2021-11-30,11:03:00,0.87,high
942,tide942,2021-11-30,17:23:00,0.4,low
943,tide943,2021-11-30,23:21:00,0.77,high
944,tide944,2021-12-01,05:17:00,0.39,low
945,tide945,2021-12-01,11:46:00,0.86,high
946,tide946,2021-12-01,18:26:00,0.35,low
947,tide947,2021-12-02,00:41:00,0.78,high
948,tide948,2021-12-02,06:25:00,0.46,low
949,tide949,2021-12-02,12:36:00,0.86,high
950,tide950,2021-12-02,19:34:00,0.29,low
951,tide951,2021-12-03,02:11:00,0.83,high
952,tide952,2021-12-03,07:45:00,0.52,low
953,tide953,2021-12-03,13:30:00,0.86,high
954,tide954,2021-12-03,20:38:00,0.23,low
955,tide955,2021-12-04,03:33:00,0.89,high
956,tide956,2021-12-04,09:06:00,0.56,low
957,tide957,2021-12-04,14:25:00,0.87,high
958,tide958,2021-12-04,21:40:00,0.18,low
959,tide959,2021-12-05,04:40:00,0.94,high
960,tide960,2021-12-05,10:28:00,0.56,low
961,tide961,2021-12-05,15:21:00,0.89,high
962,tide962,2021-12-05,22:39:00,0.14,low
963,tide963,2021-12-06,05:39:00,0.98,high
964,tide964,2021-12-06,11:32:00,0.55,low
965,tide965,2021-12-06,16:14:00,0.91,high
966,tide966,2021-12-06,23:35:00,0.13,low
967,tide967,2021-12-07,06:31:00,0.99,high
968,tide968,2021-12-07,12:22:00,0.53,low
969,tide969,2021-12-07,17:09:00,0.92,high
970,tide970,2021-12-08,00:26:00,0.14,low
971,tide971,2021-12-08,07:18:00,0.99,high
972,tide972,2021-12-08,13:09:00,0.5,low
973,tide973,2021-12-08,18:07:00,0.92,high
974,tide974,2021-12-09,01:14:00,0.16,low
975,tide975,2021-12-09,08:00:00,0.98,high
976,tide976,2021-12-09,13:55:00,0.47,low
977,tide977,2021-12-09,19:06:00,0.91,high
978,tide978,2021-12-10,01:59:00,0.19,low
979,tide979,2021-12-10,08:41:00,0.96,high
980,tide980,2021-12-10,14:42:00,0.44,low
981,tide981,2021-12-10,20:06:00,0.89,high
982,tide982,2021-12-11,02:42:00,0.23,low
983,tide983,2021-12-11,09:20:00,0.94,high
984,tide984,2021-12-11,15:30:00,0.41,low
985,tide985,2021-12-11,21:03:00,0.85,high
986,tide986,2021-12-12,03:23:00,0.28,low
987,tide987,2021-12-12,09:58:00,0.92,high
988,tide988,2021-12-12,16:21:00,0.39,low
989,tide989,2021-12-12,22:01:00,0.81,high
990,tide990,2021-12-13,04:06:00,0.33,low
991,tide991,2021-12-13,10:37:00,0.91,high
992,tide992,2021-12-13,17:15:00,0.36,low
993,tide993,2021-12-13,23:04:00,0.78,high
994,tide994,2021-12-14,04:51:00,0.39,low
995,tide995,2021-12-14,11:18:00,0.89,high
996,tide996,2021-12-14,18:14:00,0.34,low
997,tide997,2021-12-15,00:18:00,0.76,high
998,tide998,2021-12-15,05:44:00,0.46,low
999,tide999,2021-12-15,12:00:00,0.86,high
1000,tide1000,2021-12-15,19:12:00,0.31,low
1001,tide1001,2021-12-16,01:40:00,0.78,high
1002,tide1002,2021-12-16,06:58:00,0.51,low
1003,tide1003,2021-12-16,12:46:00,0.84,high
1004,tide1004,2021-12-16,20:06:00,0.27,low
1005,tide1005,2021-12-17,02:51:00,0.82,high
1006,tide1006,2021-12-17,08:26:00,0.55,low
1007,tide1007,2021-12-17,13:35:00,0.82,high
1008,tide1008,2021-12-17,20:56:00,0.24,low
1009,tide1009,2021-12-18,03:53:00,0.87,high
1010,tide1010,2021-12-18,09:43:00,0.56,low
1011,tide1011,2021-12-18,14:23:00,0.8,high
1012,tide1012,2021-12-18,21:43:00,0.22,low
1013,tide1013,2021-12-19,04:46:00,0.91,high
1014,tide1014,2021-12-19,10:41:00,0.55,low
1015,tide1015,2021-12-19,15:10:00,0.8,high
1016,tide1016,2021-12-19,22:26:00,0.2,low
1017,tide1017,2021-12-20,05:33:00,0.94,high
1018,tide1018,2021-12-20,11:27:00,0.54,low
1019,tide1019,2021-12-20,15:56:00,0.81,high
1020,tide1020,2021-12-20,23:08:00,0.19,low
1021,tide1021,2021-12-21,06:13:00,0.96,high
1022,tide1022,2021-12-21,12:06:00,0.52,low
1023,tide1023,2021-12-21,16:41:00,0.83,high
1024,tide1024,2021-12-21,23:49:00,0.19,low
1025,tide1025,2021-12-22,06:51:00,0.96,high
1026,tide1026,2021-12-22,12:42:00,0.5,low
1027,tide1027,2021-12-22,17:24:00,0.83,high
1028,tide1028,2021-12-23,00:28:00,0.19,low
1029,tide1029,2021-12-23,07:24:00,0.95,high
1030,tide1030,2021-12-23,13:17:00,0.48,low
1031,tide1031,2021-12-23,18:08:00,0.84,high
1032,tide1032,2021-12-24,01:04:00,0.21,low
1033,tide1033,2021-12-24,07:54:00,0.94,high
1034,tide1034,2021-12-24,13:51:00,0.46,low
1035,tide1035,2021-12-24,18:52:00,0.83,high
1036,tide1036,2021-12-25,01:37:00,0.22,low
1037,tide1037,2021-12-25,08:23:00,0.93,high
1038,tide1038,2021-12-25,14:23:00,0.45,low
1039,tide1039,2021-12-25,19:36:00,0.82,high
1040,tide1040,2021-12-26,02:09:00,0.24,low
1041,tide1041,2021-12-26,08:51:00,0.92,high
1042,tide1042,2021-12-26,14:58:00,0.43,low
1043,tide1043,2021-12-26,20:24:00,0.82,high
1044,tide1044,2021-12-27,02:41:00,0.27,low
1045,tide1045,2021-12-27,09:20:00,0.91,high
1046,tide1046,2021-12-27,15:36:00,0.4,low
1047,tide1047,2021-12-27,21:15:00,0.81,high
1048,tide1048,2021-12-28,03:17:00,0.31,low
1049,tide1049,2021-12-28,09:51:00,0.91,high
1050,tide1050,2021-12-28,16:19:00,0.36,low
1051,tide1051,2021-12-28,22:10:00,0.8,high
1052,tide1052,2021-12-29,03:58:00,0.36,low
1053,tide1053,2021-12-29,10:24:00,0.91,high
1054,tide1054,2021-12-29,17:06:00,0.32,low
1055,tide1055,2021-12-29,23:11:00,0.8,high
1056,tide1056,2021-12-30,04:47:00,0.43,low
1057,tide1057,2021-12-30,11:03:00,0.9,high
1058,tide1058,2021-12-30,18:01:00,0.27,low
1059,tide1059,2021-12-31,00:25:00,0.8,high
1060,tide1060,2021-12-31,05:48:00,0.51,low
1061,tide1061,2021-12-31,11:49:00,0.89,high
1062,tide1062,2021-12-31,19:03:00,0.23,low
